Organization,Followed On
ENSDRONE,Sat Nov 09 19:14:38 UTC 2024
ODEA,Fri Aug 30 12:30:06 UTC 2024
FADEMI S.A.,Mon Aug 26 14:01:37 UTC 2024
Uptalent.io,Sun Aug 25 23:56:27 UTC 2024
Agencia Conectividad Córdoba,Sun Aug 25 13:39:52 UTC 2024
SpatioTerra,Thu Aug 22 15:18:09 UTC 2024
Voyansi,Wed Aug 07 15:02:52 UTC 2024
Córdoba BIM Cluster,Wed Aug 07 12:37:50 UTC 2024
IFEAT - The International Federation of Essential Oils and Aroma Trades,Fri Mar 01 00:40:09 UTC 2024
CONICET,Sat Feb 03 12:42:15 UTC 2024
CONAE,Sat Feb 03 12:40:03 UTC 2024
TRANSENER,Sat Feb 03 12:40:02 UTC 2024
Central Puerto,Sat Feb 03 12:40:01 UTC 2024
Ciampagna,Wed Nov 08 13:14:06 UTC 2023
Oleos del Cosmos,Thu Oct 05 02:09:46 UTC 2023
El Puerto Alegre,Sun Sep 24 22:43:00 UTC 2023
Autodesk Construction Cloud,Sat Sep 23 18:08:41 UTC 2023
Escorpion Group,Mon Sep 04 19:34:37 UTC 2023
INTI,Thu Aug 24 14:40:15 UTC 2023
HUION,Thu Aug 24 14:40:12 UTC 2023
ClickUp,Thu Aug 24 13:36:51 UTC 2023
Aeropuertos Argentina,Fri Aug 18 15:17:31 UTC 2023
Autodesk,Wed Aug 16 21:40:30 UTC 2023
Esri,Wed Aug 16 21:36:39 UTC 2023
Universidad Tecnológica Nacional BA,Thu Aug 17 13:11:07 UTC 2023
Universidad Tecnológica Nacional,Thu Aug 10 18:26:05 UTC 2023
Aeroterra,Mon Jun 12 02:48:44 UTC 2023
Universidad Tecnologica Nacional - Facultad Regional Buenos Aires,Tue Oct 22 12:01:01 UTC 2019