Notes:
"When exporting your connection data, you may notice that some of the email addresses are missing. You will only see email addresses for connections who have allowed their connections to see or download their email address using this setting https://www.linkedin.com/psettings/privacy/email. You can learn more here https://www.linkedin.com/help/linkedin/answer/261"

First Name,Last Name,URL,Email Address,Company,Position,Connected On
JUAN BALTAZAR,HIDALGO,https://www.linkedin.com/in/juan-baltazar-hidalgo-1903371a1,,TUV RHEINLAND ARGENTINA S.A.,Revisor Tecnico,13 Dec 2024
Felipe,Calderón,https://www.linkedin.com/in/felipe-calder%C3%B3n-4156b5338,,No ninguna,Mecánico,18 Nov 2024
Eugenia,Haeusser,https://www.linkedin.com/in/eugenia-haeusser-997428a,,IPLAN Argentina,Gerente de desarrollo de negocio,18 Nov 2024
Mariangeles,Santoro (She/Her),https://www.linkedin.com/in/mariangeles-santoro-she-her-25354b24,,Voyansi,Recruiting Manager,11 Sep 2024
Diego,Cotsifis,https://www.linkedin.com/in/diego-cotsifis,,Voyansi,President,25 Aug 2024
Bautista,Brito,https://www.linkedin.com/in/bautista-brito,,Start Companies,Director de marketing,09 Aug 2024
Luciano,Viola,https://www.linkedin.com/in/luciano-viola-ai,,SpatioTerra,Chief Executive Officer,07 Aug 2024
Leonardo Matías,Mansilla,https://www.linkedin.com/in/leonardo-matias-mansilla,,Gobierno de la Ciudad de Buenos Aires,Subgerente,13 Jun 2024
"""Silvana B.",Menem,https://www.linkedin.com/in/silvana-b-menem,,Grupo Vip Work,"Jefe de Reclutamiento, Selección & Consultoría en RRHH",05 Mar 2024
Lucas,Marino,https://www.linkedin.com/in/lucasmarino2004,,IBM,AI Engineer,05 Mar 2024
,,,,,,20 Jan 2024
Andrea,Fioravanti,https://www.linkedin.com/in/andrea-fioravanti-340a6420,,Vibraesencia Aromaterapia,Propietaria,11 Jan 2024
Centro Argentino,de Cartografía,https://www.linkedin.com/in/centro-argentino-de-cartograf%C3%ADa-4b1951151,,,,09 Jan 2024
barbara,garay,https://www.linkedin.com/in/barbara-garay-4ba0b62a4,,Departamento de Hidráulica San Juan,Secretaria administrativa,05 Jan 2024
Agustina,Posadas,https://www.linkedin.com/in/agustina-posadas-8518aa160,,Aeroterra,Solution Engineer,05 Jan 2024
María Gabriela,Stock,https://www.linkedin.com/in/mar%C3%ADa-gabriela-stock-15bba4115,,SPR DIRECCIONES,Coordinador de marketing,03 Jan 2024
Carla,Monetto,https://www.linkedin.com/in/carla-monetto,,Karlsruhe Institute of Technology (KIT),Student research assistant (HiWi),28 Dec 2023
Nicolas,Grosso,https://www.linkedin.com/in/nicolas-grosso-910b1aa0,,Estudio Grosso Abogacia & Agrimensura,Socio,15 Dec 2023
Marcelo,Iglesias,https://www.linkedin.com/in/marcelo-iglesias-992957265,,INTI,"Profesional especialista en metrología,ensayos y calidad",07 Dec 2023
Irene,Ortiz,https://www.linkedin.com/in/ireneortizv,,Aeroterra,Business Development Assistant,30 Nov 2023
Edgarly,Rondon,https://www.linkedin.com/in/edgarly-rondon-a664b056,,Mercado Libre,Data & Analytics Developer,19 Nov 2023
Alejo,Prieto Dávalos,https://www.linkedin.com/in/alejoprietodavalos,,Bidcom,AI Developer,08 Nov 2023
Agustina,López,https://www.linkedin.com/in/p-agustina-l%C3%B3pez,,CORE,Responsable de acompañamiento de franquicias,05 Oct 2023
Pablo,Undiano,https://www.linkedin.com/in/pablo-undiano-37b40033,,GEOTREP SRL,Titular de Empresa de Perforaciones,02 Oct 2023
Oleos,del Cosmos,https://www.linkedin.com/in/oleosdelcosmos,,Oleos del cosmos,Destilación Artesanal Sostenible de Plantas Nativas Aromáticas,30 Sep 2023
Geoff,Cook,https://www.linkedin.com/in/greengehn,,Esri,"Senior Product Marketing Manager, GIS & BIM",21 Sep 2023
Laura,Scarello,https://www.linkedin.com/in/laura-scarello-aa2293b9,,,,14 Sep 2023
Matías,Roncoli,https://www.linkedin.com/in/mroncoli,,Edenor,Subgerente de operaciones,13 Sep 2023
Juan Manuel,Iglesias,https://www.linkedin.com/in/juan-manuel-iglesias-3b101728a,,Aeroterra,Analista,11 Sep 2023
Ignacio Ezequiel,Riccardi,https://www.linkedin.com/in/ignacio-ezequiel-riccardi,,Aeroterra,Administrador de infraestructuras de TI,05 Sep 2023
Ignacio,Sticco,https://www.linkedin.com/in/ignacio-sticco-0b606683,,WaveBI,Data scientist & Project Manager,05 Sep 2023
Nahuel ,Conqueira Correia Lima,https://www.linkedin.com/in/nahuel-conqueira-correia-lima-805378215,,"Escuela Técnica Nº 28 ""República Francesa""",Regente,01 Sep 2023
Aldo,Tula,https://www.linkedin.com/in/aldo-t-b13771202,,Aeroterra,Analista de proyectos,01 Sep 2023
José,Iruzubieta,https://www.linkedin.com/in/jos%C3%A9-iruzubieta-b30a2327,,Aeroterra S.A.,Gerente Regional NOA,01 Sep 2023
Camila,Aguirre,https://www.linkedin.com/in/camiaguirr3,,Honeytone Studio,Founder & Creative Director,01 Sep 2023
Tomás,Vlaeminck,https://www.linkedin.com/in/tomasvlaeminck,,Gardenias,Auxiliar administrativo,26 Aug 2023
Giuliana,Miloro,https://www.linkedin.com/in/giuliana-miloro-0a4a35159,,ODEA,Analista Funcional GIS,25 Aug 2023
Silvia,Pesci,https://www.linkedin.com/in/silvia-pesci-72a1b527,,Aeroterra,Director of Marketing and Communications,24 Aug 2023
Marco,Viola,https://www.linkedin.com/in/marco-viola-a3834437,,Aeroterra,Vice President,24 Aug 2023
Esteban Alejandro,Fernández,https://www.linkedin.com/in/walkerlumiere,,Vamos Capilla,Creacion de contenido y redes campaña política,23 Aug 2023
Ramiro,Zelechower,https://www.linkedin.com/in/ramiro-zelechower-255918181,,Baba Cerveza,Analista comercial,22 Aug 2023
Mercedes,Nadal,https://www.linkedin.com/in/mercedes-nadal-383209216,,UNFPA Argentina,Asistente técnica de Programas en Salud Sexual y Reproductiva,21 Aug 2023
MARIA ALICIA,STOCK,https://www.linkedin.com/in/maria-alicia-stock-3b0421271,,,,21 Aug 2023
Florencia Celeste,Rodriguez,https://www.linkedin.com/in/florencia-celeste-rodriguez-79819348,,SABORES Y FRAGANCIAS S.A.,Jefe de control de calidad,21 Aug 2023
Leandro,Logiudice,https://www.linkedin.com/in/leandro-logiudice-682aa565,,Aeroterra,Responsable de RR. HH.,21 Aug 2023
Martin,Galeano,https://www.linkedin.com/in/martingaleano,,Zebra Technologies,Sr. Business Development Manager,21 Aug 2023
Juan,Polanco,https://www.linkedin.com/in/juancpolanco,,Aeroterra,Líder Técnico de Desarrollo Corporativo ,20 Aug 2023
Guillermo,Algan,https://www.linkedin.com/in/guillermo-algan-879b8022,,Alyco SRL,Director y CEO,18 Aug 2023
Santiago,Diaz Monvale,https://www.linkedin.com/in/santiago-diaz-monvale,,Global Fidelis,Fashion Consultant,17 Aug 2023
Javier,Alconero,https://www.linkedin.com/in/javier-alconero-0827aa4b,,Profesional independiente,Ingeniero Naval / Ingeniero Mecánicos,17 Aug 2023
Micaela,Osorio,https://www.linkedin.com/in/micaela-osorio-58ab1a122,,Telecom Argentina,Analista Sr Gestion de Energia,17 Aug 2023
Javier,Distéfano,https://www.linkedin.com/in/distefanoj138,,Aeroterra,Chief Technology Officer,16 Aug 2023
Pablo R.,González Táboas,https://www.linkedin.com/in/pablorgonz%C3%A1lezt%C3%A1boas,,INTI,Responsable del Organismo de Calificación Autorizado INTI Mecanica,16 Aug 2023
Agustin,Malato,https://www.linkedin.com/in/agusmalato,,Aeroterra,Infraestructure Analyst,16 Aug 2023
María Alejandra,Osorio,https://www.linkedin.com/in/mar%C3%ADa-alejandra-osorio-94807b283,,Oleos del Cosmos,Director fundador,10 Aug 2023
Flavio Luis Gino,Bertolini,https://www.linkedin.com/in/f-bertolini,,TASSAROLI,Ingeniero de producto,24 May 2023
Andrés,Kakazu,https://www.linkedin.com/in/andr%C3%A9s-kakazu-152b5559,,Renault,Ingeniero de producto,09 May 2023
Ignacio,Sosa,https://www.linkedin.com/in/ignacio-sosa-08470862,,TotalEnergies, Ingeniero Sr. de Proyecto Piping,09 May 2023
Alejandro,Chiaravalloti,https://www.linkedin.com/in/alejandro-chiaravalloti-766882127,,CON Argentina SRL,Jefe de compras,09 May 2023
Javier,Antezana López,https://www.linkedin.com/in/javier-antezana-l%C3%B3pez-6818232b,,"Universidad Tecnológica Nacional, Facultad Regional Delta",Profesor asociado,14 Feb 2023
Javier,Zelechower,https://www.linkedin.com/in/jzelechower,,Aeroterra,Head of Data Science,03 Jan 2023
Guillermo Alfredo,Bergon,https://www.linkedin.com/in/guillermo-alfredo-bergon-1036a14a,,3dplusprint,Cofundador,18 Oct 2022
Ivo Andres,Waehner,https://www.linkedin.com/in/ivo-waehner,,Freiberuflich,Facilitating Family & Business Constellations,25 Aug 2022
Javier,Salvador,https://www.linkedin.com/in/ingeniosalvador,,GRUPO INGENIO,Gerente general,15 Jul 2021
Oscar Antonio,Manoni,https://www.linkedin.com/in/oscar-antonio-manoni-b4ba32155,,Servicio industrial,Supervisor,15 Jul 2021
Sergio,Godoy,https://www.linkedin.com/in/sergio-godoy-50712091,,Hilti Latin America,Senior Account Manager,15 Jul 2021
Juan,P. 🇦🇷,https://www.linkedin.com/in/juan-p-072ab33a,,,,15 Jun 2020
Ariel,Mello,https://www.linkedin.com/in/ariel-mello,,Microwave Technologies Consulting,Technical Director,13 Sep 2019
Ignacio,Bobes,https://www.linkedin.com/in/ing-ignacio-bobes,,GreenFlex España,Director de proyectos industriales,11 Sep 2019
Pablo,Bret,https://www.linkedin.com/in/pablo-bret-823a5ba6,,Air Liquide,Medical Technical Responsible,11 Sep 2019
Paula,Espí,https://www.linkedin.com/in/paula-esp%C3%AD-4137a4150,,Ennomotive,Engineering Compettitions,11 Sep 2019
Fernando,Cosari,https://www.linkedin.com/in/fernando-cosari-527ab633,,"DMD INTERNATIONAL TRADING CO., LTD",Responsable de Administracion,17 Apr 2015
,,,,,,19 Mar 2015
Alejandra,Osorio,https://www.linkedin.com/in/alejandra-osorio-2b816114,,*,Diseñadora de Interiores,08 Mar 2015
Pablo,Lugano,https://www.linkedin.com/in/pablo-lugano-a5253294,,TITANTEC /  PROALTEC S.A.,Ingeniero de Producto y Procesos,08 Mar 2015
Alejandro,Gamboa,https://www.linkedin.com/in/alejandro-gamboa-212a1554,,VANDALOVERS,CEO & Designer.,04 Mar 2015
Sabrina,Haboba,https://www.linkedin.com/in/sabrina-haboba,,PGR ONG,Senior Project Coordinator,04 Mar 2015
María Clara,Fernández Melián,https://www.linkedin.com/in/maria-clara-fernandez-melian,,INDEC Argentina,Profesional en análisis de información estadística sociodemográfica,03 Mar 2015
Sebastián,Reumann,https://www.linkedin.com/in/sebasti%C3%A1n-reumann-3aa94948,,Capsa-Capex,Ingeniero de equipos,26 Feb 2015
Gonzalo,Klein,https://www.linkedin.com/in/gonzaklein,,Docente de Improvisación Teatral,Docencia,25 Feb 2015
Jose,Palacios,https://www.linkedin.com/in/jose-palacios-494a9a24,,gobierno de la ciudad de bs as,empleado,05 Nov 2014
Yanina,Heffner,https://www.linkedin.com/in/yanina-heffner-635a1322,,Profesional independiente,Freelance,22 Oct 2014
Juan Martín,Szklarz,https://www.linkedin.com/in/juan-mart%C3%ADn-szklarz-54942932,,Pluspetrol,Production Optimization Manager,30 Aug 2014
Mariano G.,Alvarez Blanco,https://www.linkedin.com/in/mariano-g-alvarez-blanco-688934a1,,Siemens,Global Business Development Manager - Horizontal Management Simulation for Industrial Systems,25 Aug 2014
Marcos,Morillas Cabantous,https://www.linkedin.com/in/marcos-morillas-cabantous-5246aa71,,Galileo Technologies,Ingeniero mecánico de desarrollo e investigación,27 Jun 2014
Alicia,Alvarez,https://www.linkedin.com/in/alicia-alvarez-673b5620,,UTN FRBA,docente,09 Jun 2014
Helga,Goulart,https://www.linkedin.com/in/helga-goulart-80a92553,,Comisión Nacional de Energía Atómica ,Jefa del Departamento Evalución del Desempeño Ambiental,01 Jun 2014
Nicolas,Bovetti,https://www.linkedin.com/in/nicolas-bovetti-b0501172,,dentalfab,Co Founder,11 May 2014
Leandro,Lupano,https://www.linkedin.com/in/leandrolupano,,alvatross,Back End Developer,08 May 2014
Matías,Di Dio,https://www.linkedin.com/in/mat%C3%ADas-di-dio-03a62820,,Boost IT,Independent Business Development Advisor,23 Apr 2014
Jonathan,Cainzos,https://www.linkedin.com/in/jonathancainzos,,Enerkey Consulting,Maintenance Expert,23 Apr 2014
Estefania,Srur,https://www.linkedin.com/in/estefania-srur-3bb12925,,Aerotex SRL,"Gerencia de área administrativa, marketing y comunicación",16 Apr 2014
Matias,Colombo,https://www.linkedin.com/in/matias-colombo-294a5b89,,ERGON INGENIERIA,Jefe de ingeniería. Inspector de Soldadura Nivel II,15 Apr 2014
Juan Manuel,Hinojosa,https://www.linkedin.com/in/juan-manuel-hinojosa-78185b70,,Mammoet,Project Manager,14 Apr 2014
Natalia,Baroni,https://www.linkedin.com/in/natalia-baroni-mktdigital,,Freelance,Comunicación Digital  & Ecommerce - Independiente,14 Apr 2014
Juan José,Pirri,https://www.linkedin.com/in/juan-jos%C3%A9-pirri-253a0823,,Halliburton,Drilling Optimization Engineer - Sperry Drilling Services,10 Apr 2014
Luciano Nicolas,Soldavini,https://www.linkedin.com/in/luciano-nicolas-soldavini-12a5b22a,,Escorpion Group,Titular,10 Apr 2014
Adrian,Guernik,https://www.linkedin.com/in/adrianguernik,,TRADE AMERICA,Gerente Administrativo y Financiero,10 Apr 2014
Nestor,Kiriczuk,https://www.linkedin.com/in/nestor-kiriczuk-ab507548,,AESA (A-Evangelista SA),Analista de Flota - Servicios Petroleros,10 Apr 2014
Juan Pablo,Biau Cristaldo,https://www.linkedin.com/in/juan-pablo-biau-cristaldo-b604b641,,Mercedes-Benz Camiones y Buses Argentina ,Gerente de Ventas,03 Apr 2014
Nicolas,Ziella,https://www.linkedin.com/in/nicolas-ziella-b4153453,,Kyndryl,Jefe de proyecto,01 Apr 2014
Pablo,Borzi,https://www.linkedin.com/in/pablo-borzi-42665179,,Borzi Ingeniería,Ingeniero mecánico,31 Mar 2014
Manuel,Barletti,https://www.linkedin.com/in/manuel-barletti-13787948,,Toyota Argentina,Sr Press Process Engineer,26 Mar 2014
Matias,La Paz,https://www.linkedin.com/in/matias-la-paz-63282920,,STREET Rent a Car,CEO,25 Mar 2014
Juan Carlos,de Cabo,https://www.linkedin.com/in/juan-carlos-de-cabo-4a912219,,Autotrack SRL,Gerente,24 Mar 2014
Laura,Martínez,https://www.linkedin.com/in/laura-mart%C3%ADnez-61a21375,,Digital House,Líder de Maestría en Negocios Digitales,24 Mar 2014
Mariela,Packer,https://www.linkedin.com/in/mariela-packer,,Justworks,Senior Partner Manager,21 Mar 2014
Sebastian,Bettinotti,https://www.linkedin.com/in/sebastian-bettinotti-9022144a,,Magna International,Plant Quality Manager,13 Mar 2014
Leila,Elstein,https://www.linkedin.com/in/leila-elstein-5449162a,,IQVIA,CRA 1,11 Mar 2014
Ignacio,Sukiassian,https://www.linkedin.com/in/nachosuk,,Arkast,Director de marketing digital,11 Mar 2014
Damian Omar,Strata,https://www.linkedin.com/in/damian-omar-strata-142a8167,,AESA (A-Evangelista SA),"Ingeniero Mecánico, Especialista en Cañerías",10 Mar 2014
Martin,Gianni,https://www.linkedin.com/in/martin-gianni-53701044,,PrimOffice,Founder,09 Mar 2014
Mayra Denise,Meza,https://www.linkedin.com/in/mezamayra,,Medic SA,Contador Jr.,09 Mar 2014
Leila,Esseesse,https://www.linkedin.com/in/leila-esseesse-80374912,,City of Whittlesea,Senior Strategic Planner,07 Mar 2014
maria,soledad,https://www.linkedin.com/in/maria-soledad-17aa8439,,,,07 Mar 2014
Juan Ignacio,Lattanzio Guerreiro,https://www.linkedin.com/in/juan-lattanzio,,GE Renewable Energy,Ingeniero líder de desarrollo de procesos y herramental para instalaciones,07 Mar 2014
,,,,,,06 Mar 2014
Facundo,Dodino,https://www.linkedin.com/in/facundo-dodino,,Instituto Paramed,Docente Resonancia Magnética,06 Mar 2014
Pablo Raúl,Rey,https://www.linkedin.com/in/pablorey8606,,Northvolt,Continuous Improvement Manager,06 Mar 2014
Facundo Nahuel,Gómez,https://www.linkedin.com/in/facundo-n-gomez,,Repsol,Maintenance Technician,06 Mar 2014
Bárbara,Jaeger,https://www.linkedin.com/in/b%C3%A1rbara-jaeger-08395638,,Gobierno de la Ciudad de Buenos Aires,Docente Técnica ADE,05 Mar 2014
Gustavo,Bezek,https://www.linkedin.com/in/gustavobezek,,Autónomo,ANIMADOR Y EDITOR ,05 Mar 2014
Romina,Saracusti,https://www.linkedin.com/in/romina-saracusti-97a01a11,,Textil Dth SRL,Encargada y administrativa,05 Mar 2014
Matias,Segato,https://www.linkedin.com/in/mj-segato,,CONUAR S.A.,Ingeniero Mecánico de proyectos y procesos,05 Mar 2014
Agustina,Colorio,https://www.linkedin.com/in/agustinacolorio-marketing,,Sony Music Entertainment,Senior Product Manager,05 Mar 2014
Dina,Balint,https://www.linkedin.com/in/dina-balint,dinabalint@gmail.com,Selis,Ejecutiva comercial,05 Mar 2014
Denise,Carrizo,https://www.linkedin.com/in/denise-carrizo-ing-mecanica,,Iron Mountain,Core Manager,05 Mar 2014
Yamil,Amado Valenzuela,https://www.linkedin.com/in/yamil-amado-valenzuela-8046158b,,Siemens Energy,Site Installation Technician,05 Mar 2014
Sebastián,Merynda,https://www.linkedin.com/in/sebasti%C3%A1n-merynda-9b7bb039,,AESA (A-Evangelista SA),Ingeniero Especialista en Estructuras Metálicas,05 Mar 2014
Francisco José,Hubana,https://www.linkedin.com/in/francisco-jos%C3%A9-hubana-aa527b27,,Universidad Tecnologica Nacional,Jefe de T.P/Profesor Catedra Maqs. Terms y Turbomaquinas -Dto Mecanica,05 Mar 2014
Mauro,Donnoli,https://www.linkedin.com/in/mauro-donnoli-bb068161,,Tenaris,Technical Sales Manager Southern Cone,05 Mar 2014
Jesica,Disenfeld,https://www.linkedin.com/in/jesicad,,UCES - Universidad de Ciencias Empresariales y Sociales,Profesora adjunta,05 Mar 2014
Juan Ignacio,Tisser,https://www.linkedin.com/in/juan-ignacio-tisser-964b251a,,CONEXIÓN PATAGONIA,Ejecutivo de cuentas,05 Mar 2014
Bárbara,Cutini Chiappara,https://www.linkedin.com/in/b%C3%A1rbara-cutini-chiappara-87173515,,ITR,Chief Human Resources Officer,05 Mar 2014
Irit,Cohen,https://www.linkedin.com/in/irit-cohen-84272825,,Schneider Electric,Customer Satisfaction & Quality Sr. Manager,05 Mar 2014
Eduardo Martín,Spera,https://www.linkedin.com/in/eduardo-mart%C3%ADn-spera-061bba32,,Techint Ingeniería y Construcción,Comprador Sr.,05 Mar 2014
Francisco,Falco,https://www.linkedin.com/in/francisco-ariel-falco,,EMOVA,Director de mantenimiento e ingenieria,05 Mar 2014
Marcelo,Baldisserotto,https://www.linkedin.com/in/marcelo-baldisserotto-63a6777a,,Gador,Jefe de Calificaciones y Calibraciones,05 Mar 2014
Solange,Baralia,https://www.linkedin.com/in/solange-baralia,,Mercado Libre,Credit Risk Analytics Manager,05 Mar 2014
Diego,Cota,https://www.linkedin.com/in/diego-cota-79064739,,,,05 Mar 2014
Vanina,Benvenuto,https://www.linkedin.com/in/vanina-benvenuto-0441334b,,GoSCM,Developer senior,05 Mar 2014
eduardo,dreifuss,https://www.linkedin.com/in/eduardo-dreifuss-4609a412,,,,04 Mar 2014
Carlos Enrique,Sanguinetti,https://www.linkedin.com/in/carlos-enrique-sanguinetti-77377151,,SLB,DPM WH PSD Manager,04 Mar 2014
Marina,Federman,https://www.linkedin.com/in/marinafederman,,Mercado Libre,Líder UX,04 Mar 2014
Leticia,Alves Canals,https://www.linkedin.com/in/leticia-alves-canals-23736b13,,Gobierno de la ciudad de Buenos Aires - Ministerio de Ambiente y Espacio Público,Relaciones con la comunidad - Dirección General de Comunicación y Gestión Vecinal,04 Mar 2014
Anabella,Pezet Vila,https://www.linkedin.com/in/anabella-pezet-vila-66197113,,Nova S.A,Producto,04 Mar 2014
Martin,Weinstein,https://www.linkedin.com/in/martin-weinstein-ba02aa38,,Big Forest Asset Management,Financial Analyst and Advisor,04 Mar 2014
Myriam,Bozzano,https://www.linkedin.com/in/myriam-bozzano-b6a33721,,Dirección Nacional de Financiamiento con Organismos Regionales de Crédito - MECON,Analista especializada en proyectos con financiamiento externo,04 Mar 2014
Carina,Larrea,https://www.linkedin.com/in/carina-larrea-96389035,,Poder Judicial de la Provincia de Misiones,"Auxiliar en la Defensoría Civil, Comercial, Laboral y de Familia N° 8 ",04 Mar 2014
Micaela,Vaamonde,https://www.linkedin.com/in/micaelav,,EY,Senior manager,04 Mar 2014
Gustavo,Jaeger,https://www.linkedin.com/in/gustavo-jaeger-53731510,,E.T. 19 - D.E. 1 - Alejandro Volta - Gobierno de la Ciudad de Buenos Aires,Profesor de Nivel Medio,04 Mar 2014
Nicolás,Navarretta,https://www.linkedin.com/in/nicolas-navarretta,,NickHard WebStore,Administrador,04 Mar 2014
Luis Exequiel,Kroh,https://www.linkedin.com/in/luisexequielkroh,,Mercado Libre,Analyst Semi Senior IT-Governance,04 Mar 2014
Luciana,Botbol,https://www.linkedin.com/in/luciana-botbol-6444b472,,Galeno,Asistencia Medica en ART,04 Mar 2014
Pablo,Guevara,https://www.linkedin.com/in/pablo-m-guevara,,GP & AE LLC,Business Owner,04 Mar 2014
Carlos,Calza,https://www.linkedin.com/in/carlos-calza-96817364,,Lacar Incendio,Socio gerente,04 Mar 2014
Marcelo Alejandro,Dilernia,https://www.linkedin.com/in/marcelo-alejandro-dilernia-4613a943,,Aeropuertos Argentina 2000,Analista de ingeniería,04 Mar 2014
Nicole,Honigman,https://www.linkedin.com/in/nicolehonigman,,AstraZeneca,Global Study Associate Director,04 Mar 2014
Melisa Fiorella,Bruno,https://www.linkedin.com/in/melisa-fiorella-bruno-2b15245,,Flowserve Corporation,Tactical Product Support,04 Mar 2014
Alejandro P.,Kondayen,https://www.linkedin.com/in/alejandro-p-kondayen-54869920,,,,04 Mar 2014