Endorsement Date,Skill Name,Endorsee First Name,Endorsee Last Name,Endorsee Public Url,Endorsement Status
2024/03/05 12:36:43 UTC,Capacidad de análisis,Giuliana,Miloro,www.linkedin.com/in/giuliana-miloro-0a4a35159,ACCEPTED
2024/03/05 12:36:42 UTC,Análisis de datos,Giuliana,Miloro,www.linkedin.com/in/giuliana-miloro-0a4a35159,ACCEPTED
2024/03/05 12:36:33 UTC,Gestión de proyectos,Giuliana,Miloro,www.linkedin.com/in/giuliana-miloro-0a4a35159,ACCEPTED
2024/03/05 12:36:30 UTC,Atención al detalle,Giuliana,Miloro,www.linkedin.com/in/giuliana-miloro-0a4a35159,ACCEPTED
2024/03/05 12:36:29 UTC,Comunicación oral,Giuliana,Miloro,www.linkedin.com/in/giuliana-miloro-0a4a35159,ACCEPTED
2024/03/05 12:36:27 UTC,Resolución de problemas,Giuliana,Miloro,www.linkedin.com/in/giuliana-miloro-0a4a35159,ACCEPTED
2024/03/05 12:36:25 UTC,Atención al cliente,Giuliana,Miloro,www.linkedin.com/in/giuliana-miloro-0a4a35159,ACCEPTED
2024/03/05 12:36:17 UTC,Lenguajes de programación,Giuliana,Miloro,www.linkedin.com/in/giuliana-miloro-0a4a35159,ACCEPTED
2024/03/05 12:36:14 UTC,Toma de decisiones,Giuliana,Miloro,www.linkedin.com/in/giuliana-miloro-0a4a35159,ACCEPTED
2024/02/01 17:04:17 UTC,Perforaciones para consumo humano.,Pablo,Undiano,www.linkedin.com/in/pablo-undiano-37b40033,ACCEPTED
2024/02/01 17:04:13 UTC,Perforaciones en roca y sedimento.,Pablo,Undiano,www.linkedin.com/in/pablo-undiano-37b40033,ACCEPTED
2024/01/09 12:28:14 UTC,Adobe Photoshop,Juan Manuel,Iglesias,www.linkedin.com/in/juan-manuel-iglesias-3b101728a,ACCEPTED
2024/01/05 15:15:40 UTC,AutoCAD,Juan Manuel,Iglesias,www.linkedin.com/in/juan-manuel-iglesias-3b101728a,ACCEPTED
2024/01/05 15:15:26 UTC,Capacidad de análisis,Juan Manuel,Iglesias,www.linkedin.com/in/juan-manuel-iglesias-3b101728a,ACCEPTED
2023/08/24 12:35:08 UTC,Fotografía de bodas,Esteban Alejandro,Fernández,www.linkedin.com/in/walkerlumiere,ACCEPTED
2023/08/24 12:35:03 UTC,Mecánica automotriz,Esteban Alejandro,Fernández,www.linkedin.com/in/walkerlumiere,ACCEPTED
2023/08/24 12:34:41 UTC,Social Media,Esteban Alejandro,Fernández,www.linkedin.com/in/walkerlumiere,ACCEPTED
2023/08/24 12:34:40 UTC,Redes sociales,Esteban Alejandro,Fernández,www.linkedin.com/in/walkerlumiere,ACCEPTED
2023/08/24 12:34:33 UTC,Lightroom,Esteban Alejandro,Fernández,www.linkedin.com/in/walkerlumiere,ACCEPTED
2023/08/24 12:34:32 UTC,Fotografía de estudio,Esteban Alejandro,Fernández,www.linkedin.com/in/walkerlumiere,ACCEPTED
2023/08/24 12:34:30 UTC,Fotografía de autor,Esteban Alejandro,Fernández,www.linkedin.com/in/walkerlumiere,ACCEPTED
2023/08/24 12:34:19 UTC,Fotografía comercial,Esteban Alejandro,Fernández,www.linkedin.com/in/walkerlumiere,ACCEPTED
2023/08/24 12:34:19 UTC,Fotografía,Esteban Alejandro,Fernández,www.linkedin.com/in/walkerlumiere,ACCEPTED
2023/08/22 16:08:42 UTC,Capacidad de análisis,Ramiro,Zelechower,www.linkedin.com/in/ramiro-zelechower-255918181,ACCEPTED
2023/08/22 16:08:40 UTC,Resolución de problemas,Ramiro,Zelechower,www.linkedin.com/in/ramiro-zelechower-255918181,ACCEPTED
2023/08/22 16:08:22 UTC,Microsoft Excel,Ramiro,Zelechower,www.linkedin.com/in/ramiro-zelechower-255918181,ACCEPTED
2023/08/22 16:08:15 UTC,ArcGIS,Ramiro,Zelechower,www.linkedin.com/in/ramiro-zelechower-255918181,ACCEPTED
2023/08/21 11:47:28 UTC,Project Engineering,Damian Omar,Strata,www.linkedin.com/in/damian-omar-strata-142a8167,ACCEPTED
2023/08/21 11:47:25 UTC,Ingeniería,Damian Omar,Strata,www.linkedin.com/in/damian-omar-strata-142a8167,ACCEPTED
2023/08/21 11:47:25 UTC,Energía,Damian Omar,Strata,www.linkedin.com/in/damian-omar-strata-142a8167,ACCEPTED
2023/08/21 11:47:23 UTC,Gestión de proyectos,Damian Omar,Strata,www.linkedin.com/in/damian-omar-strata-142a8167,ACCEPTED
2023/08/21 11:47:22 UTC,Ingeniería de proyectos,Damian Omar,Strata,www.linkedin.com/in/damian-omar-strata-142a8167,ACCEPTED
2023/08/21 11:47:15 UTC,AutoCAD,Damian Omar,Strata,www.linkedin.com/in/damian-omar-strata-142a8167,ACCEPTED
2023/08/21 11:47:06 UTC,Manejo Office - Avanzado,Damian Omar,Strata,www.linkedin.com/in/damian-omar-strata-142a8167,ACCEPTED
2023/08/21 11:47:04 UTC,Manejo Autocad - Avanzado,Damian Omar,Strata,www.linkedin.com/in/damian-omar-strata-142a8167,ACCEPTED
2023/08/16 23:07:46 UTC,SketchUp,María Alejandra,Osorio,www.linkedin.com/in/maría-alejandra-osorio-94807b283,ACCEPTED
2023/08/16 23:07:43 UTC,Autodesk 3ds Max,María Alejandra,Osorio,www.linkedin.com/in/maría-alejandra-osorio-94807b283,ACCEPTED
2023/08/16 23:07:37 UTC,AutoCAD,María Alejandra,Osorio,www.linkedin.com/in/maría-alejandra-osorio-94807b283,ACCEPTED
2023/08/16 23:07:34 UTC,Diseño sostenible,María Alejandra,Osorio,www.linkedin.com/in/maría-alejandra-osorio-94807b283,ACCEPTED
2023/08/16 23:07:32 UTC,Adobe Photoshop,María Alejandra,Osorio,www.linkedin.com/in/maría-alejandra-osorio-94807b283,ACCEPTED
2023/08/10 18:55:05 UTC,Java,Javier,Zelechower,www.linkedin.com/in/jzelechower,ACCEPTED
2023/08/10 18:55:03 UTC,C++,Javier,Zelechower,www.linkedin.com/in/jzelechower,ACCEPTED
2023/08/10 18:54:56 UTC,Electrónica,Javier,Zelechower,www.linkedin.com/in/jzelechower,ACCEPTED
2023/05/09 00:07:18 UTC,3D Studio Max,Alejandra,Osorio,www.linkedin.com/in/alejandra-osorio-2b816114,ACCEPTED
2023/05/09 00:07:14 UTC,AutoCAD,Alejandra,Osorio,www.linkedin.com/in/alejandra-osorio-2b816114,ACCEPTED
