Endorsement Date,Skill Name,Endorser First Name,Endorser Last Name,Endorser Public Url,Endorsement Status
2024/12/05 19:34:07 UTC,Civil 3D,Eugenia,Haeusser,www.linkedin.com/in/eugenia-haeusser-997428a,ACCEPTED
2024/12/05 19:34:06 UTC,AutoCAD,Eugenia,Haeusser,www.linkedin.com/in/eugenia-haeusser-997428a,ACCEPTED
2024/12/05 19:34:04 UTC,Global Mapper,Eugenia,Haeusser,www.linkedin.com/in/eugenia-haeusser-997428a,ACCEPTED
2023/08/17 20:34:16 UTC,Global Mapper,María Alejandra,Osorio,www.linkedin.com/in/maría-alejandra-osorio-94807b283,ACCEPTED
2023/08/17 20:34:09 UTC,AutoCAD,María Alejandra,Osorio,www.linkedin.com/in/maría-alejandra-osorio-94807b283,ACCEPTED
2023/08/17 20:34:07 UTC,Ingeniería,María Alejandra,Osorio,www.linkedin.com/in/maría-alejandra-osorio-94807b283,ACCEPTED
2023/08/17 20:33:31 UTC,Bioconstrucción,María Alejandra,Osorio,www.linkedin.com/in/maría-alejandra-osorio-94807b283,ACCEPTED
2023/08/17 20:33:30 UTC,Energías renovables,María Alejandra,Osorio,www.linkedin.com/in/maría-alejandra-osorio-94807b283,ACCEPTED
2016/09/16 12:03:21 UTC,AutoCAD,Luis Exequiel,Kroh,www.linkedin.com/in/luisexequielkroh,PENDING
2016/06/23 21:43:47 UTC,Microsoft Project,Nicolas,Bovetti,www.linkedin.com/in/nicolas-bovetti-b0501172,PENDING
2016/05/17 00:20:57 UTC,Ingeniería,Marina,Federman,www.linkedin.com/in/marinafederman,PENDING
2016/04/22 23:51:10 UTC,Engineering,Nicolas,Bovetti,www.linkedin.com/in/nicolas-bovetti-b0501172,PENDING
2016/04/18 13:52:38 UTC,SolidWorks,Nicolas,Bovetti,www.linkedin.com/in/nicolas-bovetti-b0501172,PENDING
2016/04/18 13:52:26 UTC,Liderazgo de equipos,Nicolas,Bovetti,www.linkedin.com/in/nicolas-bovetti-b0501172,PENDING
2016/03/14 23:11:04 UTC,AutoCAD,Nicolas,Bovetti,www.linkedin.com/in/nicolas-bovetti-b0501172,PENDING
2015/08/24 12:24:28 UTC,SolidWorks,Luis Exequiel,Kroh,www.linkedin.com/in/luisexequielkroh,PENDING
2015/05/18 23:48:18 UTC,SolidWorks,Marcelo,Baldisserotto,www.linkedin.com/in/marcelo-baldisserotto-63a6777a,PENDING
2015/04/15 02:35:01 UTC,AutoCAD,Yanina,Heffner,www.linkedin.com/in/yanina-heffner-635a1322,PENDING
2015/01/13 20:01:02 UTC,SolidWorks,Pablo,Guevara,www.linkedin.com/in/pablo-m-guevara,PENDING
2014/12/09 09:34:10 UTC,Ingeniería,Yamil,Amado Valenzuela,www.linkedin.com/in/yamil-amado-valenzuela-8046158b,PENDING
2014/11/30 17:45:49 UTC,SolidWorks,Marina,Federman,www.linkedin.com/in/marinafederman,PENDING
