Content Title,Content Description,Content Type,Content Last Watched Date (if viewed),Content Completed At (if completed),Content Saved,Notes taken on videos (if taken),
SOLIDWORKS: Plantillas y dibujos,"Este contenido formativo te instruye en la comprensión del proceso previo a la generación de dibujos y documentación en SOLIDWORKS. Además, se detalla el proceso para la creación de la base estándar para la generación de las plantillas de documentos y los formatos personalizados, automatizando la recogida de información proveniente del diseño en la documentación final.",Course,2023-05-10 12:16 UTC,N/A,false,N/A,
Habilidades de coaching para líderes y gerentes,"Los líderes que tienen sesiones de asesoramiento con sus empleados hacen más fuerte al equipo y añaden valor a la organización. En este curso, la experta en liderazgo Sara Canaday explica las diferencias que existen entre la gestión, la formación y la orientación, y les proporciona a los jefes modelos y habilidades de orientación para que apoyen el desarrollo y la evolución de sus empleados. Sara justifica la importancia de la orientación, explora algunas de las dificultades típicas con las que se encuentran los orientadores y aclara cómo hacer críticas y fijar metas.",Course,2024-02-27 21:38 UTC,N/A,false,N/A,
Inventor: Aceleradores de diseño,"Descubre cómo las herramientas disponibles en Inventor basadas en estándares ahorran tiempo y agregan eficiencia. Tomando el contenido de la extensa base de datos de elementos mecánicos de Autodesk Inventor, podrás evitar tener que buscar en manuales de normalización y guías de fabricantes. Durante el contenido aprenderás los diferentes procedimientos y flujos de trabajo necesarios para la creación de elementos tan comunes en la fabricación mecánica como son los árboles o ejes, engranajes, chavetas y chaveteros.",Course,2023-08-17 13:17 UTC,N/A,false,N/A,
Cómo ejercer la responsabilidad,"La responsabilidad no solo es una actividad de la que te ocupas, sino hacerte cargo de tus actos. Para asumir responsabilidades, debes tener la motivación de llevar a cabo tareas difíciles. Necesitas ampliar tu misión, saber por qué es importante y entender que las responsabilidades te ayudan a convertirte en el tipo de persona que quieres ser. En este curso, la experta en marca personal Dorie Clark te ayuda a adoptar la mentalidad adecuada y te explica los pasos prácticos y específicos que puedes dar para ejercer la responsabilidad.",Course,2024-03-19 14:40 UTC,N/A,false,N/A,
Fundamentos de la negociación,"Negociamos todo el tiempo, en el trabajo, la vida privada, las actividades personales, etc. La capacidad de negociación no se adquiere de una manera innata, existen determinadas técnicas que nos ayudan a poder gestionar una negociación de manera que estemos preparados previamente sabiendo lo que queremos obtener de ella y a qué estamos dispuestos a renunciar. <br><br>

En este curso veremos algunas técnicas que podremos aplicar en un gran número de situaciones para poder ser capaces de llevar la negociación a nuestro terreno y donde el resultado deje satisfechas a ambas partes.",Course,2024-02-20 13:42 UTC,N/A,false,N/A,
SOLIDWORKS: Técnicas avanzadas en ensamblajes,"Este contenido te instruye en el proceso de análisis para el planteamiento de ensamblajes desde el diseño ascendente o en contexto. De esta forma, podrás realizar diseños de ensamblajes iniciando el proceso desde el propio ensamblaje. También aprenderás a utilizar las herramientas necesarias para abordar con éxito la tarea en SOLIDWORKS además de optimizar el rendimiento del equipo de trabajo.",Course,2023-09-09 11:59 UTC,N/A,false,N/A,
¿Qué es el análisis de negocio o análisis empresarial?,"Descubre el apasionante mundo del análisis de negocios con este curso ideal para estudiantes, profesionales y emprendedores interesados en potenciar sus habilidades empresariales. Sin necesidad de experiencia previa, explorarás la profesión y sus competencias esenciales, conectando con la innovación y descubriendo oportunidades profesionales en constante evolución. Sumérgete en la importancia del análisis de negocio en el entorno actual y cómo ha evolucionado la figura del analista de negocio a lo largo del tiempo. Desarrollarás habilidades clave para destacar en esta área y entenderás cómo el análisis empresarial impulsa la innovación en las organizaciones. ¡Prepárate para un futuro prometedor sin límites en el campo del análisis de negocio!",Course,2024-01-30 18:14 UTC,N/A,false,N/A,
Empodera a tu equipo con la inteligencia artificial,"El curso 'Empodera equipos con la inteligencia artificial' será un viaje inspirador y práctico para descubrir cómo la IA también puede ser un disruptor de los equipos en la empresa. Desde transformar la productividad, fomentar la innovación y hasta optimizar la toma de decisiones en los equipos. Cada módulo ofrece un abanico de estrategias prácticas respaldadas por ejemplos reales para formarte en cómo llevar a tu equipo al siguiente nivel de forma más eficiente, saludable y dirigida al éxito.

</p><p>Este curso es parte de un <a href=""https://www.linkedin.com/learning/paths/inteligencia-artificial-para-gerentes-por-microsoft-y-linkedin"" target=""_blank"">certificado profesional de Microsoft.</a></p>",Course,2024-08-25 23:39 UTC,N/A,false,N/A,
Inventor: Diseño de sistemas enrutados,"Eleva tus habilidades en diseño de sistemas enrutados con Autodesk Inventor en este curso dirigido a diseñadores, ingenieros y estudiantes. Aprende a utilizar las herramientas de modelado 3D para crear sistemas enrutados complejos de manera eficiente y generar documentación técnica detallada. Domina la creación y edición de rutas de tuberías, conexiones y anotaciones, así como el manejo de tuberías flexibles, edición de tramos y estilos enrutados. Además, profundiza en cómo documentar adecuadamente un sistema enrutado.",Course,2023-10-28 03:22 UTC,N/A,false,N/A,
Excel: Tablas dinámicas (Office 365/Microsoft 365),"En este curso de Excel sobre tablas dinámicas, te enseñaremos a generar tablas dinámicas desde cero y acabaremos creando tablas dinámicas desde varias hojas de cálculo relacionadas. Prepararemos los datos antes de analizarlos y les daremos formato de tabla para que sean más operativos. Veremos cómo ordenar, agrupar, cambiar la operación de resumen y crear campos y elementos calculados en la tabla dinámica. Además, aprenderemos a filtrar los datos con un clic de ratón mediante el uso de segmentación y líneas de tiempo. También prepararemos el diseño del informe y actualizaremos la tabla dinámica. Después de este curso, manejarás las tablas dinámicas de manera experta.",Course,2024-08-30 12:41 UTC,N/A,false,N/A,
Cómo liderar a la generación Z,"Aprende a liderar con maestría a la generación Z en este curso diseñado para senior managers y líderes. Descubre las claves para comprender y guiar a los «centennials» en todos sus aspectos, brindándote pautas prácticas para una gestión más efectiva. Exploraremos las características distintivas de esta generación, destacando la importancia de la individualidad y el contexto para evitar generalizaciones. Además, analizaremos temas clave para su desarrollo y conoceremos ejemplos inspiradores de esta generación en el ámbito del «management» y liderazgo. Prepárate para liderar a la generación del futuro con confianza y éxito.",Course,2024-03-10 13:41 UTC,N/A,false,N/A,
AutoCAD esencial,"Familiarízate con la interfaz y herramientas básicas de dibujo de AutoCAD, programa líder de la industria AEC. Durante el contenido aprenderás a organizar el dibujo a través de capas, generar anotaciones y dimensionamiento del dibujo, cómo reusar contenido con bloques, enlazar archivos externos con referencias externas, manejar los espacios de trabajo modelo y papel, trabajar con ventanas gráficas, escalar y trazar planos, y mucho más. Al finalizar el curso, conocerás todos los aspectos básicos necesarios para generar documentos profesionales con AutoCAD.",Course,2023-10-19 13:31 UTC,N/A,false,N/A,
SOLIDWORKS: Chapa metálica y pieza soldada,"Este curso se centra en el modelado de piezas de chapa metálica y estructuras con el software de referencia en ingeniería y diseño industrial SOLIDWORKS. Durante el contenido formativo, explorarás las herramientas y técnicas necesarias para utilizar el método de modelado más adecuado para obtener así resultados más profesionales en tus trabajos y conseguir avanzar en tu carrera el mundo del diseño mecánico y estructural.",Course,2023-12-26 12:09 UTC,N/A,false,N/A,
Renueva tu imagen de marca,"Aprende a renovar tu imagen de marca o potenciar tu presencia de marca, ya seas una gran empresa y autónomo. El objetivo del curso es analizar si realmente tu imagen de marca está desfasada u obsoleta y necesita una actualización para volverla a relanzar. Durante el contenido trabajarás para analizar cuando una marca está caducada a nivel de imagen y los tiempos que deberíamos seguir para poder relanzar. También verás cómo potenciar tu imagen en web y presencia en redes sociales.",Course,2024-01-23 02:15 UTC,N/A,false,N/A,
Producción audiovisual: 10 habilidades laborales clave,"¿Quieres sobresalir en el emocionante mundo de la producción audiovisual? Este curso te brinda una visión completa de las 10 habilidades fundamentales que todo profesional de la producción debe dominar para alcanzar el éxito en esta industria. Estas habilidades han sido cuidadosamente seleccionadas y adaptadas para satisfacer las necesidades específicas de productores y productoras. Además, este curso no solo es beneficioso para aquellos que ya trabajan en producción, sino también para reclutadores y personas que desean avanzar en sus carreras. A lo largo del curso, encontrarás ejemplos y casos prácticos diseñados para tu papel en la producción audiovisual",Course,2024-04-19 22:56 UTC,N/A,false,N/A,
Revit: Ventilación pasiva para edificios de oficinas,"Aprende conceptos básicos de ventilación pasiva de edificios que te permitirán diseñar en contexto con la ubicación, orientación y clima de una construcción. Durante el contenido, verás las características de diversos climas y cómo determinar la mejor estrategia de diseño en cada caso. También conocerás las principales técnicas de ventilación pasiva y enfriamiento de espacios, desde las clásicas como ventilación cruzada, muros y techos verdes, hasta el enfriamiento evaporativo y uso de atrios. Todo el curso transcurre de manera práctica, usando un ejemplo de diseño para unas oficinas.",Course,2023-09-27 11:33 UTC,N/A,false,N/A,
SOLIDWORKS: Superficies,"Descubre en este contenido las herramientas de superficies que SOLIDWORKS tiene disponibles y cómo realizar su análisis y el planteamiento del modelado. Durante el curso se te explicará la teoría y cuáles son las herramientas necesarias para poder aprender a plantear, modelar o realizar reparaciones sencillas mediante esta técnica; de esta forma, conseguirás resultados mucho mas profesionales en tus modelos con SOLIDWORKS.",Course,2023-11-21 11:26 UTC,N/A,false,N/A,
Inventor 2022 esencial,"Amplía y expande tus habilidades sobre el modelado mecánico 3D con Autodesk Inventor y este curso. Conoce las herramientas y técnicas esenciales de este sistema de diseño paramétrico, desde la creación de un proyecto básico hasta el ensamblado de piezas, pasando por el modelado de componentes y otros muchos conceptos clave. Este curso está compuesto o puede incluir vídeos de otros cursos ya publicados.",Course,2023-09-01 13:40 UTC,N/A,false,N/A,
