CONVERSATION ID,CONVERSATION TITLE,FROM,SENDER PROFILE URL,TO,RECIPIENT PROFILE URLS,DATE,SUBJECT,CONTENT,FOLDER
2-NTQxYWM1M2ItNDg5Mi00NjBhLWFiMjYtMTMxNjZmN2NlZmU0XzEwMA==,Sponsored Conversation,LinkedIn Member,,Gaston Zelechower,https://www.linkedin.com/in/gaston-zelechower,2025-06-22 18:37:54 UTC,,"<p class=""spinmail-quill-editor__spin-break"">Hola %FIRSTNAME%,</p><p class=""spinmail-quill-editor__spin-break""><br></p><p class=""spinmail-quill-editor__spin-break"">Contratar cuando tienes una agenda apretada puede ser complicado. Pero con LinkedIn Jobs, es fácil, rápido y rentable. Además, te permite acceder a un grupo más amplio de profesionales que no encontrarás en ningún otro lugar. Porque la clave para contratar talento excepcional es tener las herramientas adecuadas para conectar con las personas correctas.</p><p class=""spinmail-quill-editor__spin-break""><br></p><p class=""spinmail-quill-editor__spin-break"">Con LinkedIn Jobs puedes:</p><p class=""spinmail-quill-editor__spin-break""><br></p><ul><li><strong>Descubrir talento único: </strong>Llega a candidatos activos y pasivos y accede a un grupo más amplio de profesionales calificados.</li><li><strong>Anunciar empleos y conectar fácilmente: </strong>Publica un empleo fácilmente y lo mostraremos automáticamente a las personas adecuadas.</li><li><strong>Gestionar tu presupuesto con flexibilidad: </strong>Publica anuncios gratis o define un presupuesto, ajusta el gasto y quita tu anuncio cuando quieras.</li><li><strong>Acelerar el proceso de contratación: </strong>Paga para promocionar tu anuncio de empleo y obtén 3 veces más candidatos calificados.</li></ul><p class=""spinmail-quill-editor__spin-break""><br></p><p class=""spinmail-quill-editor__spin-break"">Pruébalo hoy mismo.</p>",INBOX
2-OTBjOTJjYzctNDBjNS00Y2RkLTg2NWYtYTA4MDAzMDY2MjM0XzEwMA==,Hacé crecer tu empresa con personal eventual,Anabella Albo,,Gaston Zelechower,https://www.linkedin.com/in/gaston-zelechower,2025-05-21 02:24:32 UTC,,"<p class=""spinmail-quill-editor__spin-break"">¡Hola Gaston!, ¿Cómo estás?</p><p class=""spinmail-quill-editor__spin-break""><br></p><p class=""spinmail-quill-editor__spin-break"">Mi nombre es Anabella Albó, Directora Ejecutiva de Grupo Orbe, una empresa de Recursos Humanos desde donde podemos ayudarte en la gestión de tus equipos. Para ello, ofrecemos servicios de selección y contratación de personal calificado, así como también la posibilidad de contratación de personal eventual.</p><p class=""spinmail-quill-editor__spin-break""><br></p><p class=""spinmail-quill-editor__spin-break"">De esta manera, podrías lograr un gran ahorro de&nbsp;tiempo y dinero:</p><p class=""spinmail-quill-editor__spin-break""><br></p><ul><li>Al delegar gran parte de la gestión del personal, te permite dedicar más tiempo al desarrollo de otras áreas del negocio.</li><li>La empresa se ahorra el pago de días de ausencia, paga solo los días efectivamente trabajados por el colaborador.</li><li>Otorgamos la posibilidad de programar los picos de producción con anticipación.</li><li>Nos convertimos en mediadores de la relación laboral entre la empresa y el colaborador, evitando a la empresa posibles conflictos laborales.</li><li>Facilitamos el proceso de cubrir vacantes por vacaciones, licencias, embarazos etc.</li></ul><p class=""spinmail-quill-editor__spin-break""><br></p><p class=""spinmail-quill-editor__spin-break"">Llevamos más de 35 años liderando el sector de contrataciones y prestando servicios a decenas de clientes satisfechos. ¿Te gustaría obtener más información?</p><p class=""spinmail-quill-editor__spin-break""><br></p><p class=""spinmail-quill-editor__spin-break"">Si querés conocernos un poco más, te dejamos el link de nuestra web: <a rel=""noopener"" href=""http://estudio-orbe.com/?li_fat_id=571df64f-6503-4212-890a-639752cd9e87"" target=""_blank"">http://estudio-orbe.com/</a></p><p class=""spinmail-quill-editor__spin-break""><br></p><p class=""spinmail-quill-editor__spin-break"">Estamos disponibles para cualquier duda o consulta</p>",INBOX
2-YzhmY2MyMTMtYzA4OC00ZmUwLTk4YTctZDIzMjY2OTVlY2MyXzAxMw==,,Gaston Zelechower,https://www.linkedin.com/in/gaston-zelechower,María Alejandra Osorio,https://www.linkedin.com/in/maría-alejandra-osorio-94807b283,2025-03-30 15:04:26 UTC,,,INBOX
2-YzhmY2MyMTMtYzA4OC00ZmUwLTk4YTctZDIzMjY2OTVlY2MyXzAxMw==,,María Alejandra Osorio,https://www.linkedin.com/in/maría-alejandra-osorio-94807b283,Gaston Zelechower,https://www.linkedin.com/in/gaston-zelechower,2024-12-26 15:43:50 UTC,,,INBOX
2-YzhmY2MyMTMtYzA4OC00ZmUwLTk4YTctZDIzMjY2OTVlY2MyXzAxMw==,,María Alejandra Osorio,https://www.linkedin.com/in/maría-alejandra-osorio-94807b283,Gaston Zelechower,https://www.linkedin.com/in/gaston-zelechower,2024-12-08 13:05:05 UTC,,https://www.linkedin.com/feed/update/activity:7271367642827952129,INBOX
2-YzhmY2MyMTMtYzA4OC00ZmUwLTk4YTctZDIzMjY2OTVlY2MyXzAxMw==,,María Alejandra Osorio,https://www.linkedin.com/in/maría-alejandra-osorio-94807b283,Gaston Zelechower,https://www.linkedin.com/in/gaston-zelechower,2024-07-11 21:25:16 UTC,,Echa un vistazo a este empleo en Grupo Linares: https://www.linkedin.com/jobs/view/3973017363 ,INBOX
2-YzhmY2MyMTMtYzA4OC00ZmUwLTk4YTctZDIzMjY2OTVlY2MyXzAxMw==,,María Alejandra Osorio,https://www.linkedin.com/in/maría-alejandra-osorio-94807b283,Gaston Zelechower,https://www.linkedin.com/in/gaston-zelechower,2024-06-25 13:29:11 UTC,,Echa un vistazo a este empleo en Solvo Global Careers: https://www.linkedin.com/jobs/view/3958417724  ,INBOX
2-YzhmY2MyMTMtYzA4OC00ZmUwLTk4YTctZDIzMjY2OTVlY2MyXzAxMw==,,Gaston Zelechower,https://www.linkedin.com/in/gaston-zelechower,María Alejandra Osorio,https://www.linkedin.com/in/maría-alejandra-osorio-94807b283,2024-03-05 13:20:07 UTC,,"Es para la empresa multinacional de capitales chilenos. Es una muy buena oportunidad porque es un contrato plazo fijo x 24 meses y hay otro puesto similar y más senior que es permanente. horario de lunes a viernes de 7.30 a 16.30hs, con comedor en planta, transporte diario + alquiler y mudanza + prepaga familiar Sancor 3000. sueldo competitivo y bono anual x desempeño de 1+ sueldo Es en Puerto Esperanza en la planta Celulosa, cerca de Iguazú al norte de Misiones.  Avisame si te interesa.  Te mando el aviso y si no es para vos, te agradezco tu colaboración en la difusión del mismo ya que quizás alguien en tu red de contactos o colegas les puede interesar, en ese caso, que se contacten directamente conmigo para consultas y dar curso a su postulación. Desde ya sumamente agradecida. Saludos! https://vip-work-services.pandape.computrabajo.com/Detail/3831414",INBOX
2-YzhmY2MyMTMtYzA4OC00ZmUwLTk4YTctZDIzMjY2OTVlY2MyXzAxMw==,,María Alejandra Osorio,https://www.linkedin.com/in/maría-alejandra-osorio-94807b283,Gaston Zelechower,https://www.linkedin.com/in/gaston-zelechower,2024-03-04 15:11:58 UTC,,,INBOX
2-YzhmY2MyMTMtYzA4OC00ZmUwLTk4YTctZDIzMjY2OTVlY2MyXzAxMw==,,María Alejandra Osorio,https://www.linkedin.com/in/maría-alejandra-osorio-94807b283,Gaston Zelechower,https://www.linkedin.com/in/gaston-zelechower,2024-03-03 16:15:16 UTC,,,INBOX
2-YzhmY2MyMTMtYzA4OC00ZmUwLTk4YTctZDIzMjY2OTVlY2MyXzAxMw==,,Gaston Zelechower,https://www.linkedin.com/in/gaston-zelechower,María Alejandra Osorio,https://www.linkedin.com/in/maría-alejandra-osorio-94807b283,2024-03-03 15:50:18 UTC,,😊,INBOX
2-YzhmY2MyMTMtYzA4OC00ZmUwLTk4YTctZDIzMjY2OTVlY2MyXzAxMw==,,María Alejandra Osorio,https://www.linkedin.com/in/maría-alejandra-osorio-94807b283,Gaston Zelechower,https://www.linkedin.com/in/gaston-zelechower,2024-03-03 15:27:58 UTC,,👍,INBOX
2-YzhmY2MyMTMtYzA4OC00ZmUwLTk4YTctZDIzMjY2OTVlY2MyXzAxMw==,,Gaston Zelechower,https://www.linkedin.com/in/gaston-zelechower,María Alejandra Osorio,https://www.linkedin.com/in/maría-alejandra-osorio-94807b283,2024-03-01 00:44:40 UTC,,,INBOX
2-YzhmY2MyMTMtYzA4OC00ZmUwLTk4YTctZDIzMjY2OTVlY2MyXzAxMw==,,María Alejandra Osorio,https://www.linkedin.com/in/maría-alejandra-osorio-94807b283,Gaston Zelechower,https://www.linkedin.com/in/gaston-zelechower,2024-01-21 14:51:45 UTC,,,INBOX
2-YzhmY2MyMTMtYzA4OC00ZmUwLTk4YTctZDIzMjY2OTVlY2MyXzAxMw==,,María Alejandra Osorio,https://www.linkedin.com/in/maría-alejandra-osorio-94807b283,Gaston Zelechower,https://www.linkedin.com/in/gaston-zelechower,2024-01-19 13:53:15 UTC,,,INBOX
2-YzhmY2MyMTMtYzA4OC00ZmUwLTk4YTctZDIzMjY2OTVlY2MyXzAxMw==,,María Alejandra Osorio,https://www.linkedin.com/in/maría-alejandra-osorio-94807b283,Gaston Zelechower,https://www.linkedin.com/in/gaston-zelechower,2024-01-05 18:34:25 UTC,,https://www.linkedin.com/in/arkadiuszszadkowski,INBOX
2-YzhmY2MyMTMtYzA4OC00ZmUwLTk4YTctZDIzMjY2OTVlY2MyXzAxMw==,,María Alejandra Osorio,https://www.linkedin.com/in/maría-alejandra-osorio-94807b283,Gaston Zelechower,https://www.linkedin.com/in/gaston-zelechower,2023-12-02 22:30:22 UTC,,,INBOX
2-YzhmY2MyMTMtYzA4OC00ZmUwLTk4YTctZDIzMjY2OTVlY2MyXzAxMw==,,María Alejandra Osorio,https://www.linkedin.com/in/maría-alejandra-osorio-94807b283,Gaston Zelechower,https://www.linkedin.com/in/gaston-zelechower,2023-11-19 13:55:42 UTC,,,INBOX
2-YzhmY2MyMTMtYzA4OC00ZmUwLTk4YTctZDIzMjY2OTVlY2MyXzAxMw==,,María Alejandra Osorio,https://www.linkedin.com/in/maría-alejandra-osorio-94807b283,Gaston Zelechower,https://www.linkedin.com/in/gaston-zelechower,2023-11-19 13:54:54 UTC,,Check out this job at 360Energy: https://www.linkedin.com/jobs/view/3763186749,INBOX
2-YzhmY2MyMTMtYzA4OC00ZmUwLTk4YTctZDIzMjY2OTVlY2MyXzAxMw==,,María Alejandra Osorio,https://www.linkedin.com/in/maría-alejandra-osorio-94807b283,Gaston Zelechower,https://www.linkedin.com/in/gaston-zelechower,2023-11-08 13:11:50 UTC,,https://www.linkedin.com/company/ciampagna/,INBOX
2-YzhmY2MyMTMtYzA4OC00ZmUwLTk4YTctZDIzMjY2OTVlY2MyXzAxMw==,,María Alejandra Osorio,https://www.linkedin.com/in/maría-alejandra-osorio-94807b283,Gaston Zelechower,https://www.linkedin.com/in/gaston-zelechower,2023-10-07 15:49:40 UTC,,,INBOX
2-YzhmY2MyMTMtYzA4OC00ZmUwLTk4YTctZDIzMjY2OTVlY2MyXzAxMw==,,María Alejandra Osorio,https://www.linkedin.com/in/maría-alejandra-osorio-94807b283,Gaston Zelechower,https://www.linkedin.com/in/gaston-zelechower,2023-10-01 18:23:32 UTC,,el del pozo d agua de geotrep,INBOX
2-YzhmY2MyMTMtYzA4OC00ZmUwLTk4YTctZDIzMjY2OTVlY2MyXzAxMw==,,María Alejandra Osorio,https://www.linkedin.com/in/maría-alejandra-osorio-94807b283,Gaston Zelechower,https://www.linkedin.com/in/gaston-zelechower,2023-10-01 18:23:23 UTC,,https://www.linkedin.com/in/pablo-undiano-37b40033,INBOX
2-YzhmY2MyMTMtYzA4OC00ZmUwLTk4YTctZDIzMjY2OTVlY2MyXzAxMw==,,Gaston Zelechower,https://www.linkedin.com/in/gaston-zelechower,María Alejandra Osorio,https://www.linkedin.com/in/maría-alejandra-osorio-94807b283,2023-09-21 14:48:30 UTC,,,INBOX
2-YzhmY2MyMTMtYzA4OC00ZmUwLTk4YTctZDIzMjY2OTVlY2MyXzAxMw==,,María Alejandra Osorio,https://www.linkedin.com/in/maría-alejandra-osorio-94807b283,Gaston Zelechower,https://www.linkedin.com/in/gaston-zelechower,2023-08-18 15:15:42 UTC,,https://www.linkedin.com/posts/aeropuertos-argentina-2000_aeroparque-te-espera-renovado-activity-7091844402360254464-Q5jW?utm_source=share&utm_medium=member_android,INBOX
2-YzhmY2MyMTMtYzA4OC00ZmUwLTk4YTctZDIzMjY2OTVlY2MyXzAxMw==,,Gaston Zelechower,https://www.linkedin.com/in/gaston-zelechower,María Alejandra Osorio,https://www.linkedin.com/in/maría-alejandra-osorio-94807b283,2023-08-18 02:15:30 UTC,,De nada,INBOX
2-YzhmY2MyMTMtYzA4OC00ZmUwLTk4YTctZDIzMjY2OTVlY2MyXzAxMw==,,María Alejandra Osorio,https://www.linkedin.com/in/maría-alejandra-osorio-94807b283,Gaston Zelechower,https://www.linkedin.com/in/gaston-zelechower,2023-08-17 20:32:10 UTC,,¡Gracias por validar mi aptitud (SketchUp)!,INBOX
2-YmMwNDY3NDMtMDg1MS00NGNmLTlkNjItY2U5YTU2Y2UwZDgzXzAxMg==,,Eugenia Haeusser,https://www.linkedin.com/in/eugenia-haeusser-997428a,Gaston Zelechower,https://www.linkedin.com/in/gaston-zelechower,2025-02-11 14:44:22 UTC,,"Hola Gaston,  ¿Sabrías con quién puedo hablar de sistemas o algún responsable de compras?  Espero tus comentarios,  Saludos.",INBOX
2-YmMwNDY3NDMtMDg1MS00NGNmLTlkNjItY2U5YTU2Y2UwZDgzXzAxMg==,,Eugenia Haeusser,https://www.linkedin.com/in/eugenia-haeusser-997428a,Gaston Zelechower,https://www.linkedin.com/in/gaston-zelechower,2025-02-07 18:10:14 UTC,,"Hola Gaston,  ¿Pudiste ver mi mensaje anterior? Aprovecho para comentarte que contamos con soluciones de Telefonía IP en la Nube, IT, Colaboración y Cloud.  Quedó a disposición para agendar,  Saludos.",INBOX
2-YmMwNDY3NDMtMDg1MS00NGNmLTlkNjItY2U5YTU2Y2UwZDgzXzAxMg==,,Eugenia Haeusser,https://www.linkedin.com/in/eugenia-haeusser-997428a,Gaston Zelechower,https://www.linkedin.com/in/gaston-zelechower,2025-02-05 17:36:08 UTC,,"Hola Gaston,  Desde IPLAN me gustaría tener una breve meet con Oleos del Cosmos para ver qué oportunidad tenemos de acompañarlos en sus próximos proyectos tecnológicos.  Somos partners de Google y Huawei, y empresa líder en conexión por fibra óptica.  ¿Con qué disponibilidad contás para agendar?  Saludos.",INBOX
2-ZjMzNmIwODYtNDQ2Mi00NWU3LWJjNzAtY2U2MTY2OWVjOTUwXzAxMw==,,Bautista Brito,https://www.linkedin.com/in/bautista-brito,Gaston Zelechower,https://www.linkedin.com/in/gaston-zelechower,2024-08-09 13:07:46 UTC,,Holaa Gaston! Un placer conectar con gente del mismo rubro.  Que tengas un buen fin de semana!,INBOX
2-NzEzMjBkODQtZWFhMC00YTg5LWEwOTYtNTE1NDY3NWY2ZWM1XzAxMw==,,Micaela Osorio,https://www.linkedin.com/in/micaela-osorio-58ab1a122,Gaston Zelechower,https://www.linkedin.com/in/gaston-zelechower,2024-07-15 21:20:10 UTC,,,INBOX
2-NzEzMjBkODQtZWFhMC00YTg5LWEwOTYtNTE1NDY3NWY2ZWM1XzAxMw==,,Gaston Zelechower,https://www.linkedin.com/in/gaston-zelechower,Micaela Osorio,https://www.linkedin.com/in/micaela-osorio-58ab1a122,2024-03-17 16:12:05 UTC,,👍,INBOX
2-NzEzMjBkODQtZWFhMC00YTg5LWEwOTYtNTE1NDY3NWY2ZWM1XzAxMw==,,Micaela Osorio,https://www.linkedin.com/in/micaela-osorio-58ab1a122,Gaston Zelechower,https://www.linkedin.com/in/gaston-zelechower,2024-03-15 13:08:15 UTC,,,INBOX
2-ODc0ZmQ3YTgtMzE4OS00ZmVhLTkyMjItZWEzNmJiNzhiMmU5XzAxMg==,,María Alejandra Osorio,https://www.linkedin.com/in/maría-alejandra-osorio-94807b283,"Juan Manuel Iglesias,Gaston Zelechower,Andrea Fioravanti","https://www.linkedin.com/in/juan-manuel-iglesias-3b101728a,https://www.linkedin.com/in/gaston-zelechower,https://www.linkedin.com/in/andrea-fioravanti-340a6420",2024-03-14 11:06:59 UTC,,,INBOX
2-ODc0ZmQ3YTgtMzE4OS00ZmVhLTkyMjItZWEzNmJiNzhiMmU5XzAxMg==,,María Alejandra Osorio,https://www.linkedin.com/in/maría-alejandra-osorio-94807b283,"Juan Manuel Iglesias,Gaston Zelechower,Andrea Fioravanti","https://www.linkedin.com/in/juan-manuel-iglesias-3b101728a,https://www.linkedin.com/in/gaston-zelechower,https://www.linkedin.com/in/andrea-fioravanti-340a6420",2024-03-14 10:56:59 UTC,,,INBOX
2-ZmYxMDY4OWUtN2E2ZS00ZWNmLTgwNDMtMWY1NWI5MDQ5MmEzXzAxMw==,,Gaston Zelechower,https://www.linkedin.com/in/gaston-zelechower,"María Alejandra Osorio,Juan Manuel Iglesias","https://www.linkedin.com/in/maría-alejandra-osorio-94807b283,https://www.linkedin.com/in/juan-manuel-iglesias-3b101728a",2024-03-13 16:53:08 UTC,,,INBOX
2-MTRhNWUzNmMtNGMyNi00MWY0LWE2NjktZjUxODdlYjUxZTFmXzAxMw==,,"""Silvana B. Menem",https://www.linkedin.com/in/silvana-b-menem,Gaston Zelechower,https://www.linkedin.com/in/gaston-zelechower,2024-03-05 13:26:44 UTC,,"Gracias, Gaston",INBOX
2-MTRhNWUzNmMtNGMyNi00MWY0LWE2NjktZjUxODdlYjUxZTFmXzAxMw==,,Gaston Zelechower,https://www.linkedin.com/in/gaston-zelechower,"""Silvana B. Menem",https://www.linkedin.com/in/silvana-b-menem,2024-03-05 13:24:26 UTC,,"En un ratito me desocupo y lo miro con atención, gracias por el contacto 😊",INBOX
2-MTRhNWUzNmMtNGMyNi00MWY0LWE2NjktZjUxODdlYjUxZTFmXzAxMw==,,"""Silvana B. Menem",https://www.linkedin.com/in/silvana-b-menem,Gaston Zelechower,https://www.linkedin.com/in/gaston-zelechower,2024-03-05 12:56:49 UTC,,"Es para la empresa multinacional de capitales chilenos. Es una muy buena oportunidad porque es un contrato plazo fijo x 24 meses y hay otro puesto similar y más senior que es permanente. horario de lunes a viernes de 7.30 a 16.30hs, con comedor en planta, transporte diario + alquiler y mudanza + prepaga familiar Sancor 3000. sueldo competitivo y bono anual x desempeño de 1+ sueldo Es en Puerto Esperanza en la planta Celulosa, cerca de Iguazú al norte de Misiones.  Avisame si te interesa.  Te mando el aviso y si no es para vos, te agradezco tu colaboración en la difusión del mismo ya que quizás alguien en tu red de contactos o colegas les puede interesar, en ese caso, que se contacten directamente conmigo para consultas y dar curso a su postulación. Desde ya sumamente agradecida. Saludos! https://vip-work-services.pandape.computrabajo.com/Detail/3831414",INBOX
2-MTRhNWUzNmMtNGMyNi00MWY0LWE2NjktZjUxODdlYjUxZTFmXzAxMw==,,"""Silvana B. Menem",https://www.linkedin.com/in/silvana-b-menem,Gaston Zelechower,https://www.linkedin.com/in/gaston-zelechower,2024-03-05 12:55:50 UTC,,"Hola Gastón, sí yo te contacté, estamos buscando un Ing Mecánico ´para Puerto Esperanza, Misiones, te interesa mudarte?",INBOX
2-MTRhNWUzNmMtNGMyNi00MWY0LWE2NjktZjUxODdlYjUxZTFmXzAxMw==,,Gaston Zelechower,https://www.linkedin.com/in/gaston-zelechower,"""Silvana B. Menem",https://www.linkedin.com/in/silvana-b-menem,2024-03-05 12:26:02 UTC,,"Buenas cómo estás? Es actual el msj? O quedó oculto de hace un tiempo? Te pregunto por el Felíz año, me desoriento ",INBOX
2-MTRhNWUzNmMtNGMyNi00MWY0LWE2NjktZjUxODdlYjUxZTFmXzAxMw==,,"""Silvana B. Menem",https://www.linkedin.com/in/silvana-b-menem,Gaston Zelechower,https://www.linkedin.com/in/gaston-zelechower,2024-03-05 12:22:00 UTC,,Hola! Te contacto de la Consultora de RRHH Vip Work Services en Posadas. Nos interesa tu perfil para una oportunidad laboral muy atractiva en empresa líder en la industria para Ing. de Proyecto. Pasame tu contacto para llamarte así te comento más detalles. Gracias y feliz año! Silvana ,INBOX
2-NzUxZGRmYjQtZGY5Ny00NTgzLTlmM2UtOTg2NzczNDY0OWM5XzAxMw==,,Gaston Zelechower,https://www.linkedin.com/in/gaston-zelechower,Oleos del Cosmos,https://www.linkedin.com/in/oleosdelcosmos,2024-03-01 00:44:40 UTC,,,INBOX
2-NDZiNDgwMjUtMmZhMC00NjM5LTk4YTItYWE2ZmEwYjA5NDJiXzAxMw==,,Juan Manuel Iglesias,https://www.linkedin.com/in/juan-manuel-iglesias-3b101728a,Gaston Zelechower,https://www.linkedin.com/in/gaston-zelechower,2024-01-05 14:39:54 UTC,,12201. Escribe una recomendación para Juan Manuel: https://www.linkedin.com/recs/give/?senderId=juan-manuel-iglesias-3b101728a,INBOX
2-ODY1M2FiM2QtZTU2MS00MzkxLWIzZGUtYTUwYWY5OGY4OThjXzAxMw==,,Gaston Zelechower,https://www.linkedin.com/in/gaston-zelechower,Javier Zelechower,https://www.linkedin.com/in/jzelechower,2023-05-10 12:16:37 UTC,,"Gracias, Javier",INBOX
2-ODY1M2FiM2QtZTU2MS00MzkxLWIzZGUtYTUwYWY5OGY4OThjXzAxMw==,,Javier Zelechower,https://www.linkedin.com/in/jzelechower,Gaston Zelechower,https://www.linkedin.com/in/gaston-zelechower,2023-05-09 16:23:59 UTC,,"Gracias, Gaston",INBOX
2-ODY1M2FiM2QtZTU2MS00MzkxLWIzZGUtYTUwYWY5OGY4OThjXzAxMw==,,Gaston Zelechower,https://www.linkedin.com/in/gaston-zelechower,Javier Zelechower,https://www.linkedin.com/in/jzelechower,2023-05-09 00:04:22 UTC,,¡Felicidades por tu aniversario de trabajo!,INBOX
2-ZTY0OTE2YTQtOWRjZS00NzcyLWEwNmUtZWQxMmQ4YjFhOWYzXzEwMA==,Contrata a los profesionales adecuados cuando los necesites,LinkedIn Talent Solutions,,Gaston Zelechower,https://www.linkedin.com/in/gaston-zelechower,2025-05-13 12:32:49 UTC,,"<p class=""spinmail-quill-editor__spin-break"">Hola, Gaston:</p><p class=""spinmail-quill-editor__spin-break""><br></p><p class=""spinmail-quill-editor__spin-break"">¿Por qué deberías<a rel=""noopener"" href=""https://www.linkedin.com/talent/post-a-job?src=li-in&trk=spinml_mktg_job_lts_ss_LATAM_HLA_ES_CPA_ContrataALosGreen&utm_source=linkedin&utm_medium=inmail&utm_campaign=LTS_SS_ACQ_SM_MA_LATAM_HLA_ES_CPA_WOW_547_Website_Conversions_BAU_FREE_ACCN&li_fat_id=571df64f-6503-4212-890a-639752cd9e87"" target=""_blank""> publicar un anuncio de empleo en LinkedIn</a>?</p><p class=""spinmail-quill-editor__spin-break""><br></p><ul><li><strong>Acota la búsqueda a los candidatos mejor cualificados:</strong> LinkedIn solo le mostrará tu anuncio de empleo a los profesionales con la experiencia, aptitudes y aspiraciones adecuadas.</li><li><strong>Evalúa a los candidatos de forma sencilla:</strong> Evalúa, contacta y haz un seguimiento de cada candidato en la misma pantalla.</li><li><strong>Contrata dentro de una comunidad profesional activa: </strong>Encuentra a profesionales cualificados que estén interesados en solicitar tu empleo y trabajar contigo.</li></ul><p class=""spinmail-quill-editor__spin-break"">Atentamente,</p><p class=""spinmail-quill-editor__spin-break"">Sarah de LinkedIn</p>",ARCHIVE
2-YWE3ZjIxMDMtMjRhMi00NDRjLTlmZGUtNjBhMDg0NDg5NzMyXzEwMA==,¿Querés dar el siguiente paso en tu carrera profesional?,Daniel Serrot,,Gaston Zelechower,https://www.linkedin.com/in/gaston-zelechower,2025-04-10 02:27:39 UTC,,"<p class=""spinmail-quill-editor__spin-break"">Hola Gaston,</p><p class=""spinmail-quill-editor__spin-break"">Soy <strong>Daniel Serrot, </strong>Director de los <strong>MBA programs de la Universidad de San Andrés.</strong> Quiero invitarte a conocer nuestra propuesta diseñada para profesionales que buscan<strong> potenciar su liderazgo estratégico y fortalecer su red de contactos a nivel global.</strong></p><p class=""spinmail-quill-editor__spin-break"">Estés donde estés, elegí la Escuela de Negocios #1 en retorno de inversión de Latinoamérica.</p><p class=""spinmail-quill-editor__spin-break""><br></p><p class=""spinmail-quill-editor__spin-break""><strong>📅 Modalidades presenciales, híbridas y 100% online con inicios en 2025.</strong></p><p class=""spinmail-quill-editor__spin-break""><br></p><p class=""spinmail-quill-editor__spin-break"">Los diferenciales de nuestros programas incluyen:</p><p class=""spinmail-quill-editor__spin-break"">- Desarrollo de habilidades directivas y estratégicas</p><p class=""spinmail-quill-editor__spin-break"">- Networking global con profesionales de alto nivel</p><p class=""spinmail-quill-editor__spin-break"">- Oportunidades para emprender e intraemprender</p><p class=""spinmail-quill-editor__spin-break""><br></p><p class=""spinmail-quill-editor__spin-break"">🚀<strong> ¿Te gustaría conocer el MBA que mejor se adapta a tus necesidades?</strong></p><p class=""spinmail-quill-editor__spin-break"">Hacé clic acá para obtener más información</p><p class=""spinmail-quill-editor__spin-break"">👉<a rel=""noopener"" href=""https://www2.udesa.edu.ar/posgrados/edan/fa/mba_programs_ar?utm_source=linkedin&utm_medium=inmail&utm_campaign=mbas_performance_linkedin_todas_lead_aon_2025&utm_term=mbas_todas_intereses-inmail&utm_content=mbas_inmail_enero25_ppl&li_fat_id=27b3ae4b-807f-42c5-a49c-c3de5dc80048"" target=""_blank""> Conocer Más</a></p><p class=""spinmail-quill-editor__spin-break""><br></p><p class=""spinmail-quill-editor__spin-break"">Me encantaría verte formar parte de nuestra comunidad de líderes en negocios.</p><p class=""spinmail-quill-editor__spin-break"">Saludos,</p><p class=""spinmail-quill-editor__spin-break""><strong>Daniel Serrot</strong></p><p class=""spinmail-quill-editor__spin-break"">Director del Executive MBA</p><p class=""spinmail-quill-editor__spin-break"">Escuela de Negocios | Universidad de San Andrés</p>",ARCHIVE
2-NDVhNDc3ZTktMzRmNS00NTE0LWEyZjgtMDVlYzkwNTExODE3XzEwMA==,¿En busca de nuevas oportunidades?,Melissa Torres,,Gaston Zelechower,https://www.linkedin.com/in/gaston-zelechower,2025-03-30 15:04:55 UTC,,"<p class=""spinmail-quill-editor__spin-break"">Hola, Gaston:</p><p class=""spinmail-quill-editor__spin-break""><br></p><p class=""spinmail-quill-editor__spin-break""><strong>¿Estás buscando empleo?</strong></p><p class=""spinmail-quill-editor__spin-break"">Encuentra oportunidades que coincidan con tus aptitudes y experiencia.</p><p class=""spinmail-quill-editor__spin-break""><br></p><p class=""spinmail-quill-editor__spin-break"">Para ello:</p><p class=""spinmail-quill-editor__spin-break""><br></p><ol><li>Busca vacantes.</li><li>Usa los filtros de nivel de experiencia, beneficios, etc. para ver empleos cerca de ti.</li><li>Crea una alerta de búsqueda para enterarte de nuevas oportunidades antes que nadie.</li></ol><p class=""spinmail-quill-editor__spin-break""><br></p><p class=""spinmail-quill-editor__spin-break"">Comienza hoy y llega a personas que buscan personal en LinkedIn.</p><p class=""spinmail-quill-editor__spin-break""><br></p><p class=""spinmail-quill-editor__spin-break"">Estamos contigo,</p><p class=""spinmail-quill-editor__spin-break"">Melissa de LinkedIn</p>",ARCHIVE
2-ZTllZmU3ZDMtODQ4Yy00MTIzLWFjM2QtNGYwZmZiZDZiZmVjXzEwMA==,Sponsored Conversation,LinkedIn Member,,Gaston Zelechower,https://www.linkedin.com/in/gaston-zelechower,2025-03-07 12:36:43 UTC,,"<p class=""spinmail-quill-editor__spin-break"">Hola, %FIRSTNAME%,</p><p class=""spinmail-quill-editor__spin-break"">¿Quieres simplificar tus pagos internacionales? Soy Francisco de Payoneer LATAM, y quiero mostrarte cómo nuestra plataforma puede ayudarte a recibir y gestionar pagos globales fácilmente:</p><p class=""spinmail-quill-editor__spin-break""><br></p><p class=""spinmail-quill-editor__spin-break"">- <strong>Recibe pagos en múltiples monedas</strong>: USD, EUR, GBP, y más, con cuentas locales.</p><p class=""spinmail-quill-editor__spin-break"">- <strong>Diversos métodos de pago</strong>: Acepta tarjetas y utiliza cuentas Swift.</p><p class=""spinmail-quill-editor__spin-break"">- <strong>Usa tus fondos como quieras</strong>: Retira fondos, paga a proveedores, y compra online o en tiendas.</p><p class=""spinmail-quill-editor__spin-break""><br></p><p class=""spinmail-quill-editor__spin-break"">¿Te gustaría saber más sobre cómo optimizar tus cobros internacionales?</p>",ARCHIVE
2-YTM4MWY4NDEtNTY5My00NjZkLTkxODYtMDNhM2U1ODZkYmIxXzEwMA==,Busca empleo en LinkedIn,Melissa Torres,,Gaston Zelechower,https://www.linkedin.com/in/gaston-zelechower,2025-02-14 23:37:28 UTC,,"<p class=""spinmail-quill-editor__spin-break"">Hola, Gaston:</p><p class=""spinmail-quill-editor__spin-break""><br></p><p class=""spinmail-quill-editor__spin-break""><strong>¿Estás buscando empleo?</strong></p><p class=""spinmail-quill-editor__spin-break"">Encuentra oportunidades que coincidan con tus aptitudes y experiencia.</p><p class=""spinmail-quill-editor__spin-break""><br></p><p class=""spinmail-quill-editor__spin-break"">Para ello:</p><p class=""spinmail-quill-editor__spin-break""><br></p><p class=""spinmail-quill-editor__spin-break"">1. Busca vacantes.</p><p class=""spinmail-quill-editor__spin-break"">2. Usa los filtros de nivel de experiencia, beneficios, etc. para ver empleos cerca de ti.</p><p class=""spinmail-quill-editor__spin-break"">3. Crea una alerta de búsqueda para enterarte de nuevas oportunidades antes que nadie.</p><p class=""spinmail-quill-editor__spin-break""><br></p><p class=""spinmail-quill-editor__spin-break"">Comienza hoy y llega a personas que buscan personal en LinkedIn.</p><p class=""spinmail-quill-editor__spin-break""><br></p><p class=""spinmail-quill-editor__spin-break"">Estamos contigo,</p><p class=""spinmail-quill-editor__spin-break"">Melissa de LinkedIn</p>",ARCHIVE
2-OGQ2NjZlODItMzkyYi00MTQyLThjMmUtOThlMTJmNjUzZDZhXzAxMw==,¿Querés dar el siguiente paso en tu carrera profesional?,Daniel Serrot,,Gaston Zelechower,https://www.linkedin.com/in/gaston-zelechower,2025-01-23 14:56:07 UTC,,"<p class=""spinmail-quill-editor__spin-break"">Hola Gaston,</p><p class=""spinmail-quill-editor__spin-break"">Soy <strong>Daniel Serrot, </strong>Director de los <strong>MBA programs de la Universidad de San Andrés.</strong> Quiero invitarte a conocer nuestra propuesta diseñada para profesionales que buscan<strong> potenciar su liderazgo estratégico y fortalecer su red de contactos a nivel global.</strong></p><p class=""spinmail-quill-editor__spin-break"">Estés donde estés, elegí la Escuela de Negocios #1 en retorno de inversión de Latinoamérica.</p><p class=""spinmail-quill-editor__spin-break""><br></p><p class=""spinmail-quill-editor__spin-break""><strong>📅 Modalidades presenciales, híbridas y 100% online con inicios en 2025.</strong></p><p class=""spinmail-quill-editor__spin-break""><br></p><p class=""spinmail-quill-editor__spin-break"">Los diferenciales de nuestros programas incluyen:</p><p class=""spinmail-quill-editor__spin-break"">- Desarrollo de habilidades directivas y estratégicas</p><p class=""spinmail-quill-editor__spin-break"">- Networking global con profesionales de alto nivel</p><p class=""spinmail-quill-editor__spin-break"">- Oportunidades para emprender e intraemprender</p><p class=""spinmail-quill-editor__spin-break""><br></p><p class=""spinmail-quill-editor__spin-break"">🚀<strong> ¿Te gustaría conocer el MBA que mejor se adapta a tus necesidades?</strong></p><p class=""spinmail-quill-editor__spin-break"">Hacé clic acá para obtener más información</p><p class=""spinmail-quill-editor__spin-break"">👉<a rel=""noopener"" href=""https://www2.udesa.edu.ar/posgrados/edan/fa/mba_programs_ar?utm_source=linkedin&utm_medium=inmail&utm_campaign=mbas_performance_linkedin_todas_lead_aon_2025&utm_term=mbas_todas_intereses-inmail&utm_content=mbas_inmail_enero25_ppl&li_fat_id=bab133f2-fdf4-4664-a7f3-59bf07cca6d5"" target=""_blank""> Conocer Más</a></p><p class=""spinmail-quill-editor__spin-break""><br></p><p class=""spinmail-quill-editor__spin-break"">Me encantaría verte formar parte de nuestra comunidad de líderes en negocios.</p><p class=""spinmail-quill-editor__spin-break"">Saludos,</p><p class=""spinmail-quill-editor__spin-break""><strong>Daniel Serrot</strong></p><p class=""spinmail-quill-editor__spin-break"">Director del Executive MBA</p><p class=""spinmail-quill-editor__spin-break"">Escuela de Negocios | Universidad de San Andrés</p>",ARCHIVE
2-MDgwMGJjZDItOWE5Zi00ZGY4LWFiZWQtMWUwNzNiZTY0MTE4XzAxMw==,Sponsored Conversation,LinkedIn Member,,Gaston Zelechower,https://www.linkedin.com/in/gaston-zelechower,2024-12-31 12:45:43 UTC,,"<p class=""spinmail-quill-editor__spin-break"">Hola, %FIRSTNAME%:</p><p class=""spinmail-quill-editor__spin-break""><br></p><p class=""spinmail-quill-editor__spin-break"">Me llamo Kristen y formo parte del equipo de LinkedIn.</p><p class=""spinmail-quill-editor__spin-break""><br></p><p class=""spinmail-quill-editor__spin-break"">¿Sabías que puedes filtrar tus búsquedas de empleo para ver solo empleos presenciales, híbridos o en remoto? Pruébalo y verás.&nbsp;</p>",ARCHIVE
2-ZDdlZDIxNWMtOTYzMS00MjA3LWFkZGYtNzA5MDAzMDc3ZDhiXzAxMw==,Sponsored Conversation,LinkedIn Member,,Gaston Zelechower,https://www.linkedin.com/in/gaston-zelechower,2024-11-15 21:32:06 UTC,,"<p class=""spinmail-quill-editor__spin-break"">Hola, %FIRSTNAME%:</p><p class=""spinmail-quill-editor__spin-break""><br></p><p class=""spinmail-quill-editor__spin-break"">Gracias por usar LinkedIn tan activamente. Queremos invitarte a probar LinkedIn Sales Navigator gratis durante 30&nbsp;días para que conozcas de primera mano todas sus ventajas.</p><p class=""spinmail-quill-editor__spin-break""><br></p><p class=""spinmail-quill-editor__spin-break"">Sales Navigator ayuda a los comerciales y equipos de ventas a identificar a los compradores adecuados en el momento justo con datos en tiempo real y nuestra tecnología de Deep Sales.</p><p class=""spinmail-quill-editor__spin-break""><br></p><p class=""spinmail-quill-editor__spin-break"">¿Quieres dar el primer paso?</p>",ARCHIVE
2-MDI3ODUxZGMtMjE3YS00YTA4LWI0YjctNjRkOGU2N2JhNDBlXzAxMw==,Sponsored Conversation,LinkedIn Member,,Gaston Zelechower,https://www.linkedin.com/in/gaston-zelechower,2024-11-09 19:13:19 UTC,,"<p class=""spinmail-quill-editor__spin-break"">%FIRSTNAME%, ¿Te están frenando los altos fees cada vez que tienes que cobrar o pagar en moneda extranjera? Te quería comentar que Payoneer ofrece una forma más fácil y económica de manejar tus transacciones en USD, EUR o cualquier otra moneda que necesites.</p><p class=""spinmail-quill-editor__spin-break""><br></p><p class=""spinmail-quill-editor__spin-break"">Y lo mejor de todo, tendrás múltiples opciones para acceder a tus ingresos: ya sea retirando efectivo en cajeros automáticos, realizando pagos gratis a otras cuentas Payoneer o integrándote con billeteras digitales como Bitso, Airtm, Belo, Prex, ¡y muchas más!</p><p class=""spinmail-quill-editor__spin-break""><br></p><p class=""spinmail-quill-editor__spin-break"">Además, con la agilidad de registrarte en línea, tener cuentas en múltiples monedas y realizar pagos en lotes, simplificar tu operación internacional nunca fue tan fácil. Si te interesa la propuesta y te gustaría saber más del tema, elige las opciones debajo:</p>",ARCHIVE
2-NDU3Yjc3NTctZmE4My00NDI2LTg0MWMtNGIyZGExOWM5NzA1XzAxMw==,Potencia tus ventas con WhatsApp integrado 🚀 ,Hernán Seivane,,Gaston Zelechower,https://www.linkedin.com/in/gaston-zelechower,2024-09-12 07:20:04 UTC,,"<p class=""spinmail-quill-editor__spin-break"">¡Hola Gaston!</p><p class=""spinmail-quill-editor__spin-break""><br></p><p class=""spinmail-quill-editor__spin-break"">Optimiza con éxito Oleos del Cosmos gracias a nuestro<strong> potente CRM integrado a WhatsApp</strong> 💬.</p><p class=""spinmail-quill-editor__spin-break""><br></p><p class=""spinmail-quill-editor__spin-break"">Gestiona ventas, administración y contabilidad sin complicaciones. 📈 <strong>Cotiza, factura y sigue pagos por WhatsApp.</strong></p><p class=""spinmail-quill-editor__spin-break""><br></p><p class=""spinmail-quill-editor__spin-break"">Aprovecha esta oportunidad única. <strong><em>Solicita tu demo personalizada ahora mismo</em></strong>. 🌟</p>",ARCHIVE
2-MGM5NDdkOTAtNTQzNS00YmRkLTk5M2EtMWNhNmJhNzM4ZjA3XzAxMw==,Sponsored Conversation,LinkedIn Member,,Gaston Zelechower,https://www.linkedin.com/in/gaston-zelechower,2024-08-26 01:34:47 UTC,,"<p class=""spinmail-quill-editor__spin-break"">Hola %FIRSTNAME%, ¿Cómo va?</p><p class=""spinmail-quill-editor__spin-break""><br></p><p class=""spinmail-quill-editor__spin-break"">Estuve viendo un poco sobre %COMPANYNAME% y me di cuenta que podemos ayudarlos en varios aspectos:</p><p class=""spinmail-quill-editor__spin-break""><br></p><p class=""spinmail-quill-editor__spin-break"">✅ Transacciones internacionales.</p><p class=""spinmail-quill-editor__spin-break"">✅ Dolarización 24/7.</p><p class=""spinmail-quill-editor__spin-break"">✅ Rendimientos 7.5% anual dolarizado.</p><p class=""spinmail-quill-editor__spin-break"">✅ Sueldos en moneda dura.</p><p class=""spinmail-quill-editor__spin-break"">✅ Coberturas modo forward.</p><p class=""spinmail-quill-editor__spin-break"">✅ Y mucho más.</p><p class=""spinmail-quill-editor__spin-break""><br></p><p class=""spinmail-quill-editor__spin-break"">Avisame si te interesa y podemos coordinar una call en los próximos días.</p><p class=""spinmail-quill-editor__spin-break""><br></p><p class=""spinmail-quill-editor__spin-break"">Saludos.</p>",ARCHIVE
2-NWIzMWZlZjMtNjk2Mi00ZTBjLTkyNzgtODVjMjczNjdhMDcxXzAxMw==,Busca empleo en LinkedIn,Melissa Torres,,Gaston Zelechower,https://www.linkedin.com/in/gaston-zelechower,2024-08-16 14:54:44 UTC,,"<p class=""spinmail-quill-editor__spin-break"">Hola, Gaston:</p><p class=""spinmail-quill-editor__spin-break""><br></p><p class=""spinmail-quill-editor__spin-break""><strong>¿Estás buscando empleo?</strong></p><p class=""spinmail-quill-editor__spin-break"">Encuentra oportunidades que coincidan con tus aptitudes y experiencia.</p><p class=""spinmail-quill-editor__spin-break""><br></p><p class=""spinmail-quill-editor__spin-break"">Para ello:</p><p class=""spinmail-quill-editor__spin-break""><br></p><p class=""spinmail-quill-editor__spin-break"">1. Busca vacantes.</p><p class=""spinmail-quill-editor__spin-break"">2. Usa los filtros de nivel de experiencia, beneficios, etc. para ver empleos cerca de ti.</p><p class=""spinmail-quill-editor__spin-break"">3. Crea una alerta de búsqueda para enterarte de nuevas oportunidades antes que nadie.</p><p class=""spinmail-quill-editor__spin-break""><br></p><p class=""spinmail-quill-editor__spin-break"">Comienza hoy y llega a personas que buscan personal en LinkedIn.</p><p class=""spinmail-quill-editor__spin-break""><br></p><p class=""spinmail-quill-editor__spin-break"">Estamos contigo,</p><p class=""spinmail-quill-editor__spin-break"">Melissa de LinkedIn</p>",ARCHIVE
2-NjQ3MDRkMzgtYThiYy00ODE1LTlmZDItZDA4MzhkMWNiODYxXzAxMw==,¡Elimina la Falta de Control en tu Inventario! 📦,Hernán Seivane,,Gaston Zelechower,https://www.linkedin.com/in/gaston-zelechower,2024-08-07 14:21:58 UTC,,"<p class=""spinmail-quill-editor__spin-break"">Hola Gaston,</p><p class=""spinmail-quill-editor__spin-break""><br></p><p class=""spinmail-quill-editor__spin-break"">¿Tu empresa está sufriendo por la <strong>falta de control, trazabilidad y alertas en el inventario</strong>? 📦 Estos problemas pueden llevar a sobrecarga de stock, faltantes, pérdida de productos y dificultades para cumplir con la demanda, <strong>aumentando los costos operativos y perdiendo oportunidades de venta</strong>.</p><p class=""spinmail-quill-editor__spin-break""><br></p><p class=""spinmail-quill-editor__spin-break"">En TACTICA, hemos desarrollado una solución que <strong>no solo organiza tu inventario, sino que también optimiza cada aspecto de tu operación</strong>. Me encantaría mostrarte cómo en una demo 💻</p><p class=""spinmail-quill-editor__spin-break""><br></p><p class=""spinmail-quill-editor__spin-break"">Emilio García, Director de Servicios Viales Santa Fe, dice: “Nos permite mantener diferentes códigos, fijar puntos de pedido, manejar distintos depósitos, stocks mínimos… Hoy el vendedor puede ver cuánta mercadería está llegando y qué día va a llegar”. 📈</p><p class=""spinmail-quill-editor__spin-break""><br></p><p class=""spinmail-quill-editor__spin-break""><strong>¿Te gustaría agendar una demo para ver cómo podemos estructurar tus procesos para una mayor eficiencia?</strong></p>",ARCHIVE
2-M2FlZWYzYmMtMGVkYy00MWNjLThiMzUtNjRjNjdlM2E5OTgxXzAxMw==,Sponsored Conversation,LinkedIn Member,,Gaston Zelechower,https://www.linkedin.com/in/gaston-zelechower,2024-07-16 02:31:06 UTC,,"<p class=""spinmail-quill-editor__spin-break"">Hola, %FIRSTNAME%:</p><p class=""spinmail-quill-editor__spin-break""><br></p><p class=""spinmail-quill-editor__spin-break"">Si necesitas cobrar a tus clientes internacionales, Payoneer es la solución. Soy Agustin, del equipo de Payoneer Latam, la plataforma líder en cobros y pagos globales que te permitirá:</p><p class=""spinmail-quill-editor__spin-break""><br></p><p class=""spinmail-quill-editor__spin-break"">•	Recibir transferencias en USD, EUR, GBP y más monedas con datos de cuenta local donde están ubicados tus clientes en los principales 8 mercados del mundo (USA, Europa, Australia y más)</p><p class=""spinmail-quill-editor__spin-break"">•	Acceder a datos de cuenta Swift o cobrar con Tarjeta de crédito o débito en más de 190 países.</p><p class=""spinmail-quill-editor__spin-break"">•	Pagar a proveedores globales o colaboradores de todo el mundo.</p><p class=""spinmail-quill-editor__spin-break"">•	Transferir a tu cuenta local o hacer retiros en cajeros automáticos en todo el mundo.</p><p class=""spinmail-quill-editor__spin-break""><br></p><p class=""spinmail-quill-editor__spin-break"">¿Quieres saber más sobre cómo cobrar a tus negocios internacionales?</p>",ARCHIVE
2-N2NkMDNjN2YtMWFjNS00M2NjLTk3ZWMtZWY4YjVhMzZhMzEyXzAxMw==,Contrata a los profesionales adecuados cuando los necesites,LinkedIn Talent Solutions,,Gaston Zelechower,https://www.linkedin.com/in/gaston-zelechower,2024-07-05 20:49:16 UTC,,"<p class=""spinmail-quill-editor__spin-break"">Hola, Gaston:</p><p class=""spinmail-quill-editor__spin-break""><br></p><p class=""spinmail-quill-editor__spin-break"">¿Por qué deberías <a rel=""noopener"" href=""https://www.linkedin.com/talent/post-a-job?src=li-in&trk=spinml_mktg_job_lts_ss_LATAM_HLA_ES_CPA_ContrataALosBlue&utm_source=linkedin&utm_medium=inmail&utm_campaign=LTS_SS_ACQ_SM_MA_LATAM_HLA_ES_CPA_WOW_547_Website_Conversions_BAU_FREE_ACCN&li_fat_id=9eec8472-dd20-4e43-aaf2-acfb54146a57"" target=""_blank"">publicar un anuncio de empleo en LinkedIn</a>?</p><p class=""spinmail-quill-editor__spin-break""><br></p><ul><li><strong>Acota la búsqueda a los candidatos mejor cualificados: </strong>LinkedIn solo le mostrará tu anuncio de empleo a los profesionales con la experiencia, aptitudes y aspiraciones adecuadas.</li><li><strong>Evalúa a los candidatos de forma sencilla:</strong> Evalúa, contacta y haz un seguimiento de cada candidato en la misma pantalla.</li><li><strong>Contrata dentro de una comunidad profesional activa:</strong> Encuentra a profesionales cualificados que estén interesados en solicitar tu empleo y trabajar contigo.</li></ul><p class=""spinmail-quill-editor__spin-break"">Atentamente,</p><p class=""spinmail-quill-editor__spin-break"">Sarah de LinkedIn</p>",ARCHIVE
2-N2UzMmU2YzgtNTk1Yy00MjIwLWI3YmQtMDFhZDE1Y2EyMGI4XzAxMw==,Potencia tus ventas con WhatsApp integrado 🚀 ,Hernán Seivane,,Gaston Zelechower,https://www.linkedin.com/in/gaston-zelechower,2024-06-29 04:45:02 UTC,,"<p class=""spinmail-quill-editor__spin-break"">¡Hola Gaston!</p><p class=""spinmail-quill-editor__spin-break""><br></p><p class=""spinmail-quill-editor__spin-break"">Optimiza con éxito Oleos del Cosmos gracias a nuestro<strong> potente CRM integrado a WhatsApp</strong> 💬.</p><p class=""spinmail-quill-editor__spin-break""><br></p><p class=""spinmail-quill-editor__spin-break"">Gestiona ventas, administración y contabilidad sin complicaciones. 📈 <strong>Cotiza, factura y sigue pagos por WhatsApp.</strong></p><p class=""spinmail-quill-editor__spin-break""><br></p><p class=""spinmail-quill-editor__spin-break"">Aprovecha esta oportunidad única. <strong><em>Solicita tu demo personalizada ahora mismo</em></strong>. 🌟</p>",ARCHIVE
2-Njg0ZjYwOTgtOGI2OC00MzJmLThiNTMtNzU4NGM5MmUxZjYyXzAxMg==,Sponsored Conversation,LinkedIn Member,,Gaston Zelechower,https://www.linkedin.com/in/gaston-zelechower,2024-05-01 01:07:50 UTC,,"<p class=""spinmail-quill-editor__spin-break"">Hola %FIRSTNAME%, ¿Cómo estás?</p><p class=""spinmail-quill-editor__spin-break""><br></p><p class=""spinmail-quill-editor__spin-break"">Podemos ayudarte a vos y a %COMPANYNAME%, como ya lo hacemos con más de 1200 clientes corporativos.</p><p class=""spinmail-quill-editor__spin-break""><br></p><p class=""spinmail-quill-editor__spin-break"">En <a href=""https://www.decrypto.la/empresas?utm_source=LinkedInAds&amp;utm_medium=MensajeAgroFran"" rel=""noopener nofollow"" target=""_blank"" class=""ql-link"">Decrypto</a>, nos especializamos en resolver problemas financieros:</p><p class=""spinmail-quill-editor__spin-break"">✅ Giros para pagar proveedores, fondear subsidirias, entre otras transacciones, tanto en crypto como dinero tradicional.</p><p class=""spinmail-quill-editor__spin-break"">✅ Coberturas, dolarización 24/7 + Rendimientos a un 7.5% anual dolarizado.</p><p class=""spinmail-quill-editor__spin-break"">✅ Pago de sueldos en dólar digital.</p><p class=""spinmail-quill-editor__spin-break""><br></p><p class=""spinmail-quill-editor__spin-break"">Si te interesa, contactame y coordinamos una call para los próximos días.</p><p class=""spinmail-quill-editor__spin-break""><br></p><p class=""spinmail-quill-editor__spin-break"">Saludos.</p>",ARCHIVE
2-ODRjNzY1YzQtNmE4My00NGQ5LTkyYjYtZjE4ZmJjZWNmNzIwXzAxMw==,Sponsored Conversation,LinkedIn Member,,Gaston Zelechower,https://www.linkedin.com/in/gaston-zelechower,2024-04-06 20:50:54 UTC,,"<p class=""spinmail-quill-editor__spin-break"">Hola %FIRSTNAME%, ¿Cómo va?</p><p class=""spinmail-quill-editor__spin-break""><br></p><p class=""spinmail-quill-editor__spin-break"">Estuve viendo un poco sobre %COMPANYNAME% y me di cuenta que podemos ayudarlos en varios aspectos:</p><p class=""spinmail-quill-editor__spin-break""><br></p><p class=""spinmail-quill-editor__spin-break"">✅ Transacciones internacionales.</p><p class=""spinmail-quill-editor__spin-break"">✅ Dolarización 24/7.</p><p class=""spinmail-quill-editor__spin-break"">✅ Rendimientos 7.5% anual dolarizado.</p><p class=""spinmail-quill-editor__spin-break"">✅ Sueldos en moneda dura.</p><p class=""spinmail-quill-editor__spin-break"">✅ Coberturas modo forward.</p><p class=""spinmail-quill-editor__spin-break"">✅ Y mucho más.</p><p class=""spinmail-quill-editor__spin-break""><br></p><p class=""spinmail-quill-editor__spin-break"">Avisame si te interesa y podemos coordinar una call en los próximos días.</p><p class=""spinmail-quill-editor__spin-break""><br></p><p class=""spinmail-quill-editor__spin-break"">Saludos.</p>",ARCHIVE
2-OWY4MjdhNzEtNDZhMS00YzMxLWIxYzAtNjg3NDc0Y2VlZDcxXzAxMw==,Sponsored Conversation,LinkedIn Member,,Gaston Zelechower,https://www.linkedin.com/in/gaston-zelechower,2024-03-27 10:09:35 UTC,,"<p class=""spinmail-quill-editor__spin-break"">Hola, %FIRSTNAME%:</p><p class=""spinmail-quill-editor__spin-break""><br></p><p class=""spinmail-quill-editor__spin-break"">¿Sabías que puedes publicar anuncios de empleo gratis en LinkedIn? Empleos de LinkedIn te puede ayudar a encontrar antes a las personas a las que te interesa entrevistar. </p><p class=""spinmail-quill-editor__spin-break""><br></p><p class=""spinmail-quill-editor__spin-break"">Si estás buscando personal, estos recursos pueden serte de utilidad:</p><p class=""spinmail-quill-editor__spin-break""><br></p><p class=""spinmail-quill-editor__spin-break"">- Publica un anuncio gratis</p><p class=""spinmail-quill-editor__spin-break"">- Averigua cómo atraer a más candidatos de calidad</p><p class=""spinmail-quill-editor__spin-break"">- Descubre recomendaciones para encontrar a los mejores profesionales</p><p class=""spinmail-quill-editor__spin-break""><br></p><p class=""spinmail-quill-editor__spin-break"">¿Por dónde quieres empezar?</p>",ARCHIVE
2-NGYxYWQ4YzctNDA2MS00OGMxLWI4YWQtYzdlYmRkNzJhNzMxXzAxMw==,Sponsored Conversation,LinkedIn Member,,Gaston Zelechower,https://www.linkedin.com/in/gaston-zelechower,2024-03-10 13:41:58 UTC,,"<p class=""spinmail-quill-editor__spin-break"">Hola %FIRSTNAME%,</p><p class=""spinmail-quill-editor__spin-break""><br></p><p class=""spinmail-quill-editor__spin-break"">Es un placer saludarte. Soy Jeremias Amaro, CEO de Contagram. Al revisar tu perfil en LinkedIn, me llamó la atención %COMPANYNAME% y cómo desde Contagram podríamos ser una solución valiosa para optimizar tus operaciones.</p><p class=""spinmail-quill-editor__spin-break""><br></p><p class=""spinmail-quill-editor__spin-break"">Entendemos que la gestión eficiente de todas tus compras, ventas e inventario es fundamental para lograr el éxito dentro del rubro %INDUSTRY%.</p><p class=""spinmail-quill-editor__spin-break""><br></p><p class=""spinmail-quill-editor__spin-break"">Con Contagram, vas a tener la capacidad de gestionar todas tus compras y ventas, manteniendo un seguimiento en tiempo real de cada transacción. Además, podrás tomar el control total de tu inventario y proyectar flujos futuros con precisión.</p><p class=""spinmail-quill-editor__spin-break""><br></p><p class=""spinmail-quill-editor__spin-break"">Más de 2500 empresas utilizan Contagram todos los días, lo que respalda nuestra experiencia y confiabilidad en el mercado. Estamos aquí para ofrecerte la mejor experiencia, desde el mismo instante en que te registras. Siempre vas a tener a disposición un especialista de atención al cliente que te apoyará en cada paso del camino.</p><p class=""spinmail-quill-editor__spin-break""><br></p><p class=""spinmail-quill-editor__spin-break"">Estoy seguro de que nuestra plataforma puede ser una herramienta poderosa para mejorar la eficiencia de %COMPANYNAME%. Para que puedas experimentar los beneficios de Contagram de primera mano, te ofrecemos una prueba gratuita para que comiences a ordenar y optimizar tus operaciones.</p><p class=""spinmail-quill-editor__spin-break""><br></p><p class=""spinmail-quill-editor__spin-break"">Podemos ofrecerte una prueba gratis para que uses la plataforma y comiences a ordenar tu emprendimiento. Te interesaría probarlo con nuestra ayuda y ver como te resulta?</p><p class=""spinmail-quill-editor__spin-break""><br></p><p class=""spinmail-quill-editor__spin-break"">Estamos para responder todas tus preguntas y ayudarte a llevar %COMPANYNAME% al siguiente nivel.</p><p class=""spinmail-quill-editor__spin-break""><br></p><p class=""spinmail-quill-editor__spin-break"">Te deseo un excelente día,</p><p class=""spinmail-quill-editor__spin-break""><br></p><p class=""spinmail-quill-editor__spin-break"">Jere</p>",ARCHIVE
2-ZDllM2RlMWEtZTdhYS00ZmM5LWFlNWUtNzc4N2JjMzk2ZWFjXzAxMw==,Sponsored Conversation,LinkedIn Member,,Gaston Zelechower,https://www.linkedin.com/in/gaston-zelechower,2024-02-13 16:41:06 UTC,,"<p class=""spinmail-quill-editor__spin-break"">Hola, %FIRSTNAME%:</p><p class=""spinmail-quill-editor__spin-break""><br></p><p class=""spinmail-quill-editor__spin-break"">En LinkedIn valoramos a los miembros como tú, por eso queremos ofrecerte 30&nbsp;días de prueba gratis de LinkedIn Sales Navigator.</p><p class=""spinmail-quill-editor__spin-break""><br></p><p class=""spinmail-quill-editor__spin-break"">¿Qué te parece?</p>",ARCHIVE
2-ZjcyNDIyODItYmUyYi00MDA0LTgxYzItNjkyYmRiODU1MjAzXzAxMw==,Sponsored Conversation,LinkedIn Member,,Gaston Zelechower,https://www.linkedin.com/in/gaston-zelechower,2024-01-08 13:10:02 UTC,,"<p class=""spinmail-quill-editor__spin-break"">Hola %FIRSTNAME% ¿Cómo estás?</p><p class=""spinmail-quill-editor__spin-break"">Quería preguntarte si en %COMPANYNAME% utilizan algún tipo de cobertura para ventas a plazo. Contamos con un <a href=""https://www.decrypto.la/empresas/md3?utm_source=LinkedInAds&amp;utm_medium=MensajeFran"" rel=""noopener nofollow"" target=""_blank"" class=""ql-link"">derivado financiero</a> qué permite vender a plazo en pesos y mantener el precio en dólares.</p><p class=""spinmail-quill-editor__spin-break"">Inclusive el costo del producto se le puede trasladar al consumidor final.</p><p class=""spinmail-quill-editor__spin-break"">Si te parece atractivo, podemos concretar una meet.</p><p class=""spinmail-quill-editor__spin-break"">Saludos</p>",ARCHIVE
2-YzUwZTdjZjEtOGZhYS00Y2ZhLWFhNjItOTEyYWZmYzZiY2U0XzAxMw==,Sponsored Conversation,LinkedIn Member,,Gaston Zelechower,https://www.linkedin.com/in/gaston-zelechower,2023-12-06 18:52:40 UTC,,"<p class=""spinmail-quill-editor__spin-break"">%FIRSTNAME%, ¿cómo estás? Soy Andrea del equipo de Payoneer y estoy para darte asesoramiento directo sobre cómo podemos ayudarte a ahorrar y facilitar tus cobros internacionales o pagos en USD a equipos remotos.</p><p class=""spinmail-quill-editor__spin-break""><br></p><p class=""spinmail-quill-editor__spin-break"">Podemos agendar una reunión para contarte cómo utilizar Payoneer para cobrar o pagar en USD a empleados, freelancers y contractors sin importar donde estén ubicados.</p>",ARCHIVE
2-YmM1YjhhMzUtOTM3Yy00MGMwLWJjYTYtZTI1NGMzNzEwNjdmXzAxMw==,Sponsored Conversation,LinkedIn Member,,Gaston Zelechower,https://www.linkedin.com/in/gaston-zelechower,2023-09-30 21:54:57 UTC,,"<p class=""spinmail-quill-editor__spin-break"">%FIRSTNAME%, ¿cómo estás? Soy Julieta del equipo de Payoneer y estoy para darte asesoramiento directo sobre cómo podemos ayudarte a ahorrar y facilitar tus cobros internacionales o pagos en USD a equipos remotos.</p><p class=""spinmail-quill-editor__spin-break""><br></p><p class=""spinmail-quill-editor__spin-break"">Podemos agendar una reunión para contarte cómo utilizar Payoneer para cobrar o pagar en USD a empleados, freelancers y contractors sin importar donde estén ubicados.</p>",ARCHIVE
2-YTU1OGEzZTItODk0ZC00MWEzLTk0OTMtMjU4OGEyMTliNjA5XzAxMw==,Sponsored Conversation,LinkedIn Member,,Gaston Zelechower,https://www.linkedin.com/in/gaston-zelechower,2023-09-08 08:41:47 UTC,,"<p class=""spinmail-quill-editor__spin-break"">Hola, %FIRSTNAME%:</p><p class=""spinmail-quill-editor__spin-break""><br></p><p class=""spinmail-quill-editor__spin-break"">Mi nombre es Julieta, y soy representante de desarrollo de ventas en Payoneer (PAYO Nasdaq), la plataforma líder en cobros y pagos internacionales. ¿Te gustaría conocer cómo cobrar a tus clientes internacionales o pagar a colaboradores en USD o proveedores globales, de forma fácil, simple y segura?</p>",ARCHIVE
2-ZjVkOThiMDctODYzYi00ZWI3LTk3MGItNDg2OTVjZGY3ZjViXzAxMw==,Sponsored Conversation,LinkedIn Member,,Gaston Zelechower,https://www.linkedin.com/in/gaston-zelechower,2023-09-02 17:57:04 UTC,,"<p class=""spinmail-quill-editor__spin-break"">Hola, %FIRSTNAME%:</p><p class=""spinmail-quill-editor__spin-break""><br></p><p class=""spinmail-quill-editor__spin-break"">En LinkedIn valoramos a los miembros como tú, por eso queremos ofrecerte 30&nbsp;días de prueba gratis de LinkedIn Sales Navigator.</p><p class=""spinmail-quill-editor__spin-break""><br></p><p class=""spinmail-quill-editor__spin-break"">¿Qué te parece?</p>",ARCHIVE
2-MzNjMjZlNzYtMDg0OS00YjBmLWJjMjctZmE5N2I1ZTMwMzM2XzAxMw==,Sponsored Conversation,LinkedIn Member,,Gaston Zelechower,https://www.linkedin.com/in/gaston-zelechower,2023-07-10 02:47:39 UTC,,"¡Hola, %FIRSTNAME%! Me llamo Diane y formo parte del equipo de LinkedIn Premium. Gracias por tu confianza en LinkedIn. A modo de agradecimiento, queremos ofrecerte un mes de prueba gratis para Premium. ",ARCHIVE
2-YzFmYzY0OTItMDcxZi00ZTNiLWE3N2MtNzY2NDYzY2IxMGQ1XzAxMw==,Sponsored Conversation,LinkedIn Member,,Gaston Zelechower,https://www.linkedin.com/in/gaston-zelechower,2023-05-09 05:00:45 UTC,,"¡Hola, %FIRSTNAME%! Me llamo Diane y formo parte del equipo de LinkedIn Premium. ¡Gracias por tu confianza en LinkedIn! Nos gustaría ofrecerte un mes de prueba gratis para Premium. ",ARCHIVE
2-NDU0MWNlOTMtN2E5OC00NjJhLWJjZWYtMjAwZmY3NDRhMjc2XzAxMw==,Sponsored Conversation,LinkedIn Member,,Gaston Zelechower,https://www.linkedin.com/in/gaston-zelechower,2023-02-07 12:28:17 UTC,,"Hola, %FIRSTNAME%:  Soy André, gerente de marketing en LinkedIn Sales Solutions.  Para agradecerte por usar LinkedIn, te ofrecemos como regalo especial un periodo de prueba gratis por 30 días de LinkedIn Sales Navigator.  ¿Todo listo para comenzar?",ARCHIVE
2-ZjM5Zjc3YmUtZWIwOC00Y2M4LWJmZTAtMzU0ZDJlMTkxYTlkXzAxMw==,Sponsored Conversation,LinkedIn Member,,Gaston Zelechower,https://www.linkedin.com/in/gaston-zelechower,2022-10-18 04:37:26 UTC,,"¡Hola, %FIRSTNAME%! Me llamo Diane y formo parte del equipo de LinkedIn Premium. ¡Gracias por tu confianza en LinkedIn! Nos gustaría ofrecerte un mes de prueba gratis para Premium.",ARCHIVE
2-MTcxZDk5NGItYTk2ZS00YjgyLWJmY2ItOTk3NmE4OWFmNzExXzAxMw==,Sponsored Conversation,LinkedIn Member,,Gaston Zelechower,https://www.linkedin.com/in/gaston-zelechower,2021-07-18 09:02:45 UTC,,"Hola, %FIRSTNAME%:  ¡Conocé nuestras encuestas de clima confiables! Administrá fácilmente las encuestas de clima de tus colaboradores y obtené los resultados, el análisis y los conocimientos de tu organización con Emprising ™ de Great Place to Work®.  Es la única plataforma basada en 30 años de investigación que te ayudará a cuantificar tu cultura organizacional, medir el compromiso de tus empleados y generar un impacto significativo en tu negocio y las personas.",ARCHIVE
2-NDIwMmEyN2YtMThhOC01OTI3LWE1MmYtOTIyNWUzNjM1ZDE1XzAxMw==,,"Liza, de LinkedIn Premium",,Gaston Zelechower,https://www.linkedin.com/in/gaston-zelechower,2020-06-15 14:47:05 UTC,,"<p class=""spinmail-quill-editor__spin-break"">Hola,&nbsp;Gaston:</p><p class=""spinmail-quill-editor__spin-break""><br></p><p class=""spinmail-quill-editor__spin-break"">Nos gustaría ofrecerte un <a rel=""noopener"" href=""https://www.linkedin.com/premium/products?displayProducts=&amp;family=jss&amp;_ed=0_bvLJH59RTSY-u5c6PMUa4KEu5jfk9zYfhiTEOmBlPTY&amp;type=premium&amp;src=li-in&amp;trk=spinml_mktg_jss_ha_c_JSS_C_GLOBAL_ES_SPIN_CHOOSER_Broad_CV19&amp;mcid=6661250265867517953"" target=""_blank"">mes de prueba gratis de LinkedIn Premium Career</a>. Con LinkedIn Premium tienes acceso a lo siguiente:</p><p class=""spinmail-quill-editor__spin-break""><br></p><ul><li><strong>Cursos de LinkedIn Learning</strong> para que perfecciones tus aptitudes con los más de 15.000 cursos en video (1.500 en español) impartidos por expertos.</li><li><strong>Mensajes InMail</strong> para que contactes con quien quieras, aunque no estén conectados.</li><li><strong>«Quién ha visto tu perfil»,</strong> para que sepas quién ha consultado tu perfil en los últimos 90 días.</li><li><strong>Empleos según tu perfil</strong>, que te muestra una lista de empleos para los que serías el candidato ideal.</li><li><strong>Información </strong>sobre otras personas que han solicitado el mismo empleo que tú.</li></ul><p class=""spinmail-quill-editor__spin-break""><br></p><p class=""spinmail-quill-editor__spin-break"">Empieza hoy mismo tu mes de prueba gratis.</p><p class=""spinmail-quill-editor__spin-break""><br></p><p class=""spinmail-quill-editor__spin-break"">Saludos cordiales,&nbsp;</p><p class=""spinmail-quill-editor__spin-break""><br></p><p class=""spinmail-quill-editor__spin-break"">Liza y el equipo de LinkedIn Premium</p>",ARCHIVE
2-MTkwMDcwMWYtNDU4YS01ZDI1LTllNDctMjYxODU4NDM3YTYxXzAxMw==,,Erica de LinkedIn Premium,,Gaston Zelechower,https://www.linkedin.com/in/gaston-zelechower,2019-09-10 21:27:53 UTC,,"<p>Hola,&nbsp;Gaston:</p><p>Como reconocimiento a tu actividad reciente, me gustaría ofrecerte un obsequio especial: un mes de prueba gratis de LinkedIn Premium Business.</p><p>Con LinkedIn Premium disfrutarás de las siguientes ventajas:&nbsp;</p><ul><li><strong>Mensajes InMail</strong>&nbsp;para que contactes con quien quieras, incluidos compañeros, líderes del sector y posibles socios, aunque no estéis conectados.&nbsp;</li><li><strong>«Quién ha visto tu perfil»,</strong>&nbsp;para que sepas quién ha consultado tu perfil en los últimos 90 días.&nbsp;</li><li><strong>Visualización ilimitada de perfiles,</strong>&nbsp;hasta los contactos de tercer grado, para que encuentres fácilmente a quienes pueden ayudarte a impulsar tu carrera.&nbsp;</li><li><strong>Información exclusiva sobre páginas de empresa,</strong>&nbsp;para que estés al día de las novedades de la competencia o de empresas que te interesan.&nbsp;</li><li><strong>LinkedIn Learning,</strong>&nbsp;que incluye más de 1.000 cursos en vídeo impartidos por expertos en español para que perfecciones tus aptitudes.</li></ul><p>Empieza hoy mismo tu mes de prueba gratis.</p><p>Atentamente,</p><p>Erica y el equipo de LinkedIn Premium</p>",ARCHIVE
2-MjNlMGJkM2QtYWE5NC01ZGZiLTgxYzUtYWNhMjlmYWQ1ZjA3XzAxMw==,,Erica de LinkedIn Premium,,Gaston Zelechower,https://www.linkedin.com/in/gaston-zelechower,2019-02-18 19:42:19 UTC,,"Hola,&nbsp;Gaston:Como reconocimiento a tu actividad reciente, me gustar&iacute;a ofrecerte un obsequio especial: un mes de prueba gratis de LinkedIn Premium Business.Con LinkedIn Premium disfrutar&aacute;s de las siguientes ventajas:&nbsp;Mensajes InMail&nbsp;para que contactes con quien quieras, incluidos compa&ntilde;eros, l&iacute;deres del sector y posibles socios, aunque no est&eacute;is conectados.&nbsp;&laquo;Qui&eacute;n ha visto tu perfil&raquo;,&nbsp;para que sepas qui&eacute;n ha consultado tu perfil en los &uacute;ltimos 90 d&iacute;as.&nbsp;Visualizaci&oacute;n ilimitada de perfiles,&nbsp;hasta los contactos de tercer grado, para que encuentres f&aacute;cilmente a quienes pueden ayudarte a impulsar tu carrera.&nbsp;Informaci&oacute;n exclusiva sobre p&aacute;ginas de empresa,&nbsp;para que est&eacute;s al d&iacute;a de las novedades de la competencia o de empresas que te interesan.&nbsp;LinkedIn Learning,&nbsp;que incluye m&aacute;s de 1.000 cursos en v&iacute;deo impartidos por expertos en espa&ntilde;ol para que perfecciones tus aptitudes.Empieza hoy mismo tu mes de prueba gratis.Atentamente,Erica y el equipo de LinkedIn Premium",ARCHIVE
