Company Name,Title,Description,Location,Started On,Finished On
Oleos del Cosmos,Propietario,"Destilación por arrastre de vapor de aceites esenciales e Hidrolatos y especies medicinales nativas del Monte Chaqueño    Realización, gestión y cuidado de una reserva natural de 5 has donde se obtiene la materia primara para procesar.","San Esteban, Córdoba, Argentina",Aug 2015,
Cosmos Ingenieria,Propietario de la empresa,"Ingeniero Mecánico Matrículado y Electricista Matrículado en la Provincia de Córdoba, Argentina.  Asesoramiento a profesionales, arquitectos, ingenieros y particulares en el cálculo, diseño y ejecución de sistemas de optimización energética y energías renovables.     Cálculos de cargas térmicas, necesidad de calefacción y refrigeración de los locales    Dimensionamiento de sistemas convencionales y no convencionales de calefacción y refrigeración.    Calculo de demanda energética y disponible    Dimensionamiento de sistemas solares, Térmicos, Foto Voltaicos, y no convencionales.    Tratamiento de aguas y residuos domiciliarios.    Diseño y optimización de los servicios convencionales tales como agua, gas, y energía eléctrica.    Dirección de Obra, Instalación, Puesta en marcha y prueba de equipos","San Esteban, Cordoba, Argentina",Sep 2013,
Aeroterra,Ingeniero,,Buenos Aires y alrededores,May 2023,Jan 2024
SPR Sistemas de Dirección Hidráulica ,Ingeniero de control y aseguramiento de la calidad,Asesoría en Control y Gestión de la Calidad General,"Morón, Provincia de Buenos Aires, Argentina",Dec 2022,Apr 2023
Coop. Viarava,Divulgación Científica ,"Dictados de Curos y capacitaciones para particulares con y sin experiencia previa sobre todas las temáticas referidas a sistemas energéticos convencionales, no convencionales, energías renovables, aplicación de la ingeniería en la permacultura, optimización energética, etc.    Participación del Programa Radial Entre Mate y Mate de Una radio, Muchas Voces, mediante una columna semanal de divulgación tecnológica.    Realización de cursos en Cooperativa Viarava de introducción a las energías renovables.    Cursos y capacitaciones particulares y grupales sobre los temas antes mencionados.","Capilla del Monte, Córdoba, Argentina",Mar 2019,Jan 2023
WORKLIFT S.A.,Inspector mecánico,inspector de equipos de izaje,,Mar 2020,May 2020
Telecom Argentina,Contratista independiente,"Responsable y Director del taller de Hidráulica Site ubicado en la provincia de córdoba con personal a cargo.    Inspección, control y reparación de maquinaria hidráulica y mecánica para los equipos hidráulicos de Telecom Y Cable Visión.    Trabajos de herrería sobre dicha maquinaria.    Trabajos de Fibra de Vidrio para las barquillas de los equipos hidroelevadores.","Córdoba, Córdoba, Argentina",Jun 2014,Dec 2019
No Babylon Boards,Propietario de empresa pequeña,"Micro Emprendimiento de tablas de Longboard y accesorios afines. Diseños Fabricación y Venta.    Diseño y Fabricación de tablas en madera y fibra de vidrio mediante la utilización de materiales compuestos, resinas y prensado    Fabricación de Truck en aluminio, diseño 3d, simulación por elementos finitos, diseño de moldes para fundición, mecanizado, etc.    Fabricación, y diseño de bujes de Poliuretano, matices y mecanizado",Buenos Aires y alrededores,Jan 2011,Dec 2013
CNEA,Dibujante Proyectista,"Dibujante Proyectista en el área de Tecnología de Producción de Uranio.   Diseño de máquinas e instalaciones mecánicas, químicas y civiles según normas correspondientes (ASTM, ASME, IRAM, ISO, AWWA).   Elaboración de los documentos pertinentes: planos 2D y 3D, especificaciones técnicas, memorias de cálculo, instructivos, ingenierías básicas, ingeniería de detalle, gestión de la calidad, presupuestos, pliegos licitación publica, P&ID.  Cursos de Evaluación Impacto Ambiental, Mitigación y Remediación de Sitios de minería de Uranio OIEA",Buenos Aires y alrededores,Jun 2007,Dec 2011
Tesur SA - Organización TECHINT,Delineante de AutoCAD,Dibujante Auto Cad sistemas Bim/Gis relavamiento de redes de telecomunicaciones,Buenos Aires y alrededores,Jan 2004,Jun 2005
Metalurgica Antoninni,Pasante,"Operario Máquinas Herramientas, Caditas Copista",Buenos Aires y alrededores,Mar 2004,Aug 2004
